0 TextAsset Base
 1 string m_Name = "SystemConfig"
 1 string m_Script = "<?xml version="1.0" encoding="utf-8"?>\r\n<root>  <ASellEquipLose fLose="0.6"/>\r\n  <AMapConfig sMapGuide="PVP_002" sMapClassic="PVP_005" sMapOneRoad="PVP_004_add" fMapX="-52.5" fMapY="52.5" fOffsetX="8" fOffsetY="10" fMonsterValue="1.01" fMaxDragX="52.5" fMaxDragY="52.5">\r\n    <SMapItemCfg fMapX="204" fMapY="200" /><!--x代表吃鸡模式地形最大x坐标值 y代表吃鸡模式跳伞图最大x坐标值-->\r\n  </AMapConfig>\r\n\r\n  <ACameraConfig>\r\n    <SCamera iIndex="1">\r\n      <!--高-->\r\n      <SCameraCamp iId="1" fPosX="7.66" fPosY="-10.98" fPosZ="7.62" fRotX="42.86" fRotY="44.9" fRotZ="-0.07" fFov="0"/>\r\n      <SCameraCamp iId="2" fPosX="-7.66" fPosY="-10.98" fPosZ="-7.62" fRotX="42.86" fRotY="-134.1" fRotZ="-0.07" />\r\n      <SCameraCamp iId="3" fPosX="-7.66" fPosY="-10.98" fPosZ="-7.62" fRotX="42.86" fRotY="-134.1" fRotZ="-0.07" />\r\n      <SCameraCamp iId="4" fPosX="0.4" fPosY="-10.98" fPosZ="9.98" fRotX="45" fRotY="1.9" fRotZ="1.1" />\r\n      <SCameraCamp iId="5" fPosX="-7" fPosY="-14" fPosZ="-10.75" fRotX="57" fRotY="-180" fRotZ="0" />\r\n    </SCamera>\r\n    <SCamera iIndex="2">\r\n      <!--低-->\r\n      <SCameraCamp iId="1" fPosX="6.54" fPosY="-9.37" fPosZ="6.27" fRotX="42.86" fRotY="44.9" fRotZ="-0.07" />\r\n      <SCameraCamp iId="2" fPosX="-6.54" fPosY="-9.37" fPosZ="-6.27" fRotX="42.86" fRotY="-134.1" fRotZ="-0.07" />\r\n      <SCameraCamp iId="3" fPosX="-6.54" fPosY="-9.37" fPosZ="-6.27" fRotX="42.86" fRotY="-134.1" fRotZ="-0.07" />\r\n      <SCameraCamp iId="4" fPosX="0.4" fPosY="-10.98" fPosZ="9.98" fRotX="45" fRotY="1.9" fRotZ="1.1" />\r\n      <SCameraCamp iId="5" fPosX="-7" fPosY="-14" fPosZ="-10.75" fRotX="57" fRotY="-180" fRotZ="0" />\r\n    </SCamera>\r\n	<SCamera iIndex="3">\r\n	  <!--鸟瞰-->\r\n      <SCameraCamp iId="1" fPosX="14.8" fPosY="-21.1" fPosZ="14.76" fRotX="45.1" fRotY="44.9" fRotZ="-0.07" />\r\n      <SCameraCamp iId="2" fPosX="-14.8" fPosY="-21.1" fPosZ="-14.76" fRotX="45.1" fRotY="-134.1" fRotZ="-0.07" />\r\n    </SCamera>\r\n	<SCamera iIndex="4">\r\n	  <!--右前45远-->\r\n      <SCameraCamp iId="1" fPosX="-12.3" fPosY="-5.52" fPosZ="-10.62" fRotX="15.7" fRotY="-130.95" fRotZ="-0.07" />\r\n      <SCameraCamp iId="2" fPosX="12.3" fPosY="-5.52" fPosZ="10.62" fRotX="15.7" fRotY="49.0" fRotZ="-0.07" />\r\n    </SCamera>\r\n	<SCamera iIndex="5">\r\n	  <!--左前45远-->\r\n      <SCameraCamp iId="1" fPosX="-12.3" fPosY="-5.52" fPosZ="10.62" fRotX="15.7" fRotY="-49.1" fRotZ="-0.07" />\r\n      <SCameraCamp iId="2" fPosX="12.3" fPosY="-5.52" fPosZ="-10.62" fRotX="15.7" fRotY="130.95" fRotZ="-0.07" />\r\n    </SCamera>\r\n	<SCamera iIndex="6">\r\n	  <!--左前45近-->\r\n      <SCameraCamp iId="1" fPosX="-8" fPosY="-3.2" fPosZ="4.7" fRotX="15.7" fRotY="-60" fRotZ="-0.07" />\r\n      <SCameraCamp iId="2" fPosX="8" fPosY="-3.2" fPosZ="-4.7" fRotX="15.7" fRotY="120" fRotZ="-0.07" />\r\n    </SCamera>\r\n	<SCamera iIndex="7">\r\n	  <!--右前45近-->\r\n      <SCameraCamp iId="1" fPosX="5.9" fPosY="-2.99" fPosZ="5.5" fRotX="15.7" fRotY="46.6" fRotZ="-0.07" />\r\n      <SCameraCamp iId="2" fPosX="-5.9" fPosY="2.99" fPosZ="-5.5" fRotX="-15.7" fRotY="-133.4" fRotZ="-0.07" />\r\n    </SCamera>\r\n	<SCamera iIndex="8">\r\n	  <!--背面-->\r\n      <SCameraCamp iId="1" fPosX="-12.4" fPosY="-5.67" fPosZ="0.4" fRotX="21.4" fRotY="-90" fRotZ="-0.07" />\r\n      <SCameraCamp iId="2" fPosX="12.4" fPosY="-5.67" fPosZ="-0.4" fRotX="21.4" fRotY="90" fRotZ="-0.07" />\r\n    </SCamera>\r\n	<SCamera iIndex="9">\r\n	  <!--正面-->\r\n      <SCameraCamp iId="1" fPosX="12.4" fPosY="-5.67" fPosZ="-0.1" fRotX="21.4" fRotY="90" fRotZ="-0.07" />\r\n      <SCameraCamp iId="2" fPosX="-12.4" fPosY="-5.67" fPosZ="0.1" fRotX="21.4" fRotY="-90" fRotZ="-0.07" />\r\n    </SCamera>\r\n	<SCamera iIndex="10">\r\n      <!--观战专用-->\r\n      <SCameraCamp iId="1" fPosX="10" fPosY="-14.05" fPosZ="9.97" fRotX="42.86" fRotY="44.9" fRotZ="-0.07" />\r\n      <SCameraCamp iId="2" fPosX="-10" fPosY="-14.05" fPosZ="-9.97" fRotX="42.86" fRotY="-134.1" fRotZ="-0.07" />\r\n      <SCameraCamp iId="3" fPosX="-10" fPosY="-14.05" fPosZ="-9.97" fRotX="42.86" fRotY="-134.1" fRotZ="-0.07" />\r\n    </SCamera>\r\n	<SCamera iIndex="11">\r\n      <!--裁判视角专用 镜头拉近拉远切换-->\r\n      <SCameraCamp iId="1" fPosX="12.8" fPosY="-18.1" fPosZ="12.8" fRotX="42.86" fRotY="44.9" fRotZ="-0.07" />\r\n    </SCamera>\r\n	    <SCamera iIndex="12">\r\n      <!--SkillRecord专用  14.38-->\r\n      <SCameraCamp iId="1" fPosX="-24.2" fPosY="9" fPosZ="-19" fRotX="42.86" fRotY="44.9" fRotZ="-0.07" />\r\n    </SCamera>\r\n     <SCamera iIndex="13">\r\n      <!--高-->\r\n       <SCameraCamp iId="1" fPosX="10.76" fPosY="-10.98" fPosZ="0" fRotX="42.86" fRotY="88" fRotZ="-0.07" fFov="0"/>\r\n      <SCameraCamp iId="2" fPosX="0" fPosY="-10.98" fPosZ="-10.76" fRotX="42.86" fRotY="-179.1" fRotZ="-0.07" />\r\n    </SCamera>\r\n	<SCamera iIndex="14">\r\n      <!--赛事OB地图特殊镜头A-->\r\n		<SCameraCamp iId="1" fPosX="12.4" fPosY="-5.67" fPosZ="-0.1" fRotX="21.4" fRotY="90" fRotZ="-0.07" />\r\n		<SCameraCamp iId="2" fPosX="-12.4" fPosY="-5.67" fPosZ="0.1" fRotX="21.4" fRotY="-90" fRotZ="-0.07" />\r\n    </SCamera>\r\n	<SCamera iIndex="15">\r\n      <!--赛事OB地图特殊镜头B-->\r\n		<SCameraCamp iId="1" fPosX="5.9" fPosY="-2.99" fPosZ="5.5" fRotX="15.7" fRotY="46.6" fRotZ="-0.07" />\r\n		<SCameraCamp iId="2" fPosX="-5.9" fPosY="2.99" fPosZ="-5.5" fRotX="-15.7" fRotY="-133.4" fRotZ="-0.07" />\r\n    </SCamera>\r\n	<SCamera iIndex="16">\r\n      <!--赛事OB地图特殊镜头C-->\r\n		<SCameraCamp iId="1" fPosX="-12.3" fPosY="-5.52" fPosZ="10.62" fRotX="15.7" fRotY="-49.1" fRotZ="-0.07" />\r\n		<SCameraCamp iId="2" fPosX="12.3" fPosY="-5.52" fPosZ="-10.62" fRotX="15.7" fRotY="130.95" fRotZ="-0.07" />\r\n    </SCamera>\r\n  </ACameraConfig>\r\n  <VCameraMoveConfig iRatio="1" iPow="2" /> <!--裁判视角专用 镜头拉近拉远切换-->\r\n  <!-- iSmall：短血条一格多少血 / iBig：长血条一格多少血 / iMaxNum：如果短血条数量超过该配置的数量则只显示长血条-->\r\n  <VHPPartingLine iSmall="800" iBig="4000" iMaxNum="20" iLength="108" iBossSmall="1600" iBossBig="8000" iBossMaxNum="20" iBossLength="150" iBossSwitch="1" iBuffCreepSmall="800" iBuffCreepBig="4000" iBuffCreepMaxNum="20" iBuffCreepLength="120" iBuffCreepSwitch="1" iCommonCreepSmall="800" iCommonCreepBig="4000" iCommonCreepMaxNum="20" iCommonCreepLength="96" iCommonCreepSwitch="1"/>\r\n  <VLockTarget fLockDistance="8" fCancelDistance="8" fMonsterLockDistance="3" fLockHeroProtect="0.4" iLockFailTime="700" fAroundDistance="8" fSkillLockProtectTime="1" HeroKeep="xuanzhong_01" sBatmanKeep="xuanzhong_02" sSingleTargetKeep="yingxiong_touding" sMonsterAngryKeep="guaiwu_biaoji" fLockHeroProtectMin="5"/>\r\n  <VHitSharderColor iR="50" iG="50" iB="50" iLastTime="1000" />\r\n  <VListenerConfig fMaxDistence="8" />\r\n  <!-- fTurnSpeed:转身速度 / sReliveEffect 复活特效 / fMotionBlending/转身动作 / fFootFlagPara：-->\r\n  <VSingleConfig fTurnSpeed="40" sReliveEffect="yingxiong_chusheng" fMotionBlending="0.15" fFootFlagPara="0.045" iAssistTime="12000" iKillProtectTime="10000" iSurvivalKillProtectTime="40000"/>\r\n  <VBattleViewRange fHero="9" fTower="9" fSoldier="7" />\r\n  <!-- iWaitTime:选英雄倒计时 iMatchingTime: 确认匹配倒计时-->\r\n  <VRoomTimes iWaitTime="45" iMatchingTime="30000" />\r\n  <VGameOverShowUITimes iWaitTime="6" iEvoWaitTime="500" iScramWaitTime="1300"/>\r\n  <!-- VGameOverCameraMoveTime:战斗结束 摄像机的平滑移动时间 0-1之间 值越小移动越慢\r\n        iEvoWaitTime 进化模式弹出结算的延迟时间-->\r\n  <VGameOverCameraMoveTime fWaitTime="0.05" />\r\n  <VVoicePara iMutiKillTime="10" iMutiKillTimeBy5Kill="15" iHeroVoiceIntervel="10" />\r\n  <!-- VChangeName:改名卡-->\r\n  <VChangeName iID="15006" />\r\n  <!-- VEXP:经验-->\r\n  <VExp iID="401" />\r\n   <!-- VNewID:新英雄id-->\r\n  <VNewID iHeroId="45"/>\r\n  <!-- iTimeSpan：战斗消息正常情况显示时间 / iTimeWait：目前无效功能 / iMinTime：战斗消息最小显示保护时间 / iEnemySurTime敌方投降消息显示时间 / iSelfSurSucTime我方投降成功消息显示时间 iSelfSurFaildTime我方投降失败消息显示时间-->\r\n  <AVoiceConfig iHolyShit="7" iTimeSpan="2500" iTimeWait="400" iMinTime="1400" iEnemySurTime="3000" iSelfSurSucTime="3000" iSelfSurFaildTime="3000" iEvoBossTipTime="7000">\r\n    <SVoiceType sType="firstBlood" iPriority="1">\r\n      <SVoice iId="1" sPrefabs="Play_Voice_Battle_06" sEnemyPrefabs="" iIndex="1" />\r\n    </SVoiceType>\r\n    <SVoiceType sType="mutiKill" iPriority="2">\r\n      <SVoice iId="2" sPrefabs="Play_Voice_Battle_07" sEnemyPrefabs="Play_Voice_Battle_07_02" iIndex="1" />\r\n      <SVoice iId="3" sPrefabs="Play_Voice_Battle_08" sEnemyPrefabs="Play_Voice_Battle_08_02" iIndex="2" />\r\n      <SVoice iId="4" sPrefabs="Play_Voice_Battle_09" sEnemyPrefabs="Play_Voice_Battle_09_02" iIndex="2" />\r\n      <SVoice iId="5" sPrefabs="Play_Voice_Battle_10" sEnemyPrefabs="Play_Voice_Battle_10_02" iIndex="3" />\r\n      <SVoice iId="6" sPrefabs="Play_Voice_Battle_10" sEnemyPrefabs="Play_Voice_Battle_10_02" iIndex="3" />\r\n    </SVoiceType>\r\n    <SVoiceType sType="continueKill" iPriority="3">\r\n      <SVoice iId="3" sPrefabs="Play_Voice_Battle_12" sEnemyPrefabs="Play_Voice_Battle_12_02" iIndex="2" />\r\n      <SVoice iId="4" sPrefabs="Play_Voice_Battle_13" sEnemyPrefabs="Play_Voice_Battle_13_02" iIndex="2" />\r\n      <SVoice iId="5" sPrefabs="Play_Voice_Battle_16B_02" sEnemyPrefabs="Play_Voice_Battle_16A_02" iIndex="2" />\r\n      <SVoice iId="6" sPrefabs="Play_Voice_Battle_14" sEnemyPrefabs="Play_Voice_Battle_14_02" iIndex="3" />\r\n      <SVoice iId="7" sPrefabs="Play_Voice_Battle_15" sEnemyPrefabs="Play_Voice_Battle_15_02" iIndex="3" />\r\n      <SVoice iId="8" sPrefabs="Play_Voice_Battle_16" sEnemyPrefabs="Play_Voice_Battle_16_02" iIndex="3" />\r\n    </SVoiceType>\r\n    <SVoiceType sType="killAll" iPriority="4">\r\n      <SVoice iId="1" sPrefabs="Play_Voice_Battle_11" iIndex="1" />\r\n    </SVoiceType>\r\n    <SVoiceType sType="normalKill" iPriority="5"><!--连杀少于3个并且非一血-->\r\n      <SVoice iId="2" sPrefabs="Play_Voice_Battle_19" iIndex="1" /><!-- 自己杀人-->\r\n      <SVoice iId="3" sPrefabs="Play_Voice_Battle_18" iIndex="1" /><!-- 敌人死亡一人-->\r\n      <SVoice iId="4" sPrefabs="Play_Voice_Battle_20" iIndex="1" /><!-- 自己死亡-->\r\n      <SVoice iId="5" sPrefabs="Play_Voice_Battle_17" iIndex="1" /><!-- 队友死亡一人-->\r\n    </SVoiceType>\r\n    <SVoiceType sType="shutDown">\r\n      <SVoice iId="1" sPrefabs="Play_Voice_Battle_21" iIndex="1" />\r\n    </SVoiceType>\r\n  </AVoiceConfig>\r\n  <!--1:取消转向；2取消引导条 ; 3取消转译条(原技能）; 4 取消转译技能icon表现 ; 5 技能转译结束会打断正在显示的指示器;6 需要显示技能打断效果的吟唱技能-->\r\n  <ASkillConfig>\r\n    <SFunction iType="1" sSkillList="220;820;2020;2030;4210" />\r\n    <SFunction iType="2"
<SFunction iType="3" <SFunction iType="4" sSkillList="4861;4862;4863;54510;54500;54520"/>\r\n    <SFunction iType="5" sSkillList="4130;34050;34051"/>\r\n	<SFunction iType="6" sSkillList="34110;34030"/>\r\n	<SFunction iType="7" sSkillList="4880;4881;4882"/>\r\n	<SFunction iType="8" sSkillList="9928;9935;9938"/>\r\n	<SFunction iType="9" sSkillList="9114;9113;9112;9111;9110;8520;5110;5115"/>\r\n  </ASkillConfig>\r\n  <AliHeroChange>\r\n	<SAliHeroItem iId="0" iToid="0"/>\r\n  </AliHeroChange>\r\n  <AVariantEff sAIds="164001;453000" sBIds=""/>\r\n  <AMapModeInfo>\r\n	<SMapModeItem sName="PVP_034_add" iMapId="60002" iChangMode="60002"/>\r\n	<SMapModeItem sName="PVP_034_low_add" iMapId="60002" iChangMode="60002"/>\r\n	<SMapModeItem sName="PVP_015_low" iMapId="80002" iChangMode="80002"/>\r\n	<SMapModeItem sName="PVP_007_add" iMapId="80003" iChangMode="0"/>\r\n  </AMapModeInfo>\r\n  <ASkillRangeExtra>\r\n	<SRangeData sName="guangquan_jiantou" iSkillId="1320" sNewName="guangquan_jiantou01_add"/>\r\n    <SRangeData sName="guangquan_jiantouRed" iSkillId="1320" sNewName="guangquan_jiantou01_Red_add"/>\r\n	<SRangeData sName="guangquan_jiantou" iSkillId="1330" sNewName="guangquan_jiantou01_add"/>\r\n    <SRangeData sName="guangquan_jiantouRed" iSkillId="1330" sNewName="guangquan_jiantou01_Red_add"/>\r\n	<SRangeData sName="guangquan_jiantou" iSkillId="1810" sNewName="guangquan_jiantou01_add"/>\r\n    <SRangeData sName="guangquan_jiantouRed" iSkillId="1810" sNewName="guangquan_jiantou01_Red_add"/>\r\n	<SRangeData sName="guangquan_jiantou" iSkillId="2110" sNewName="guangquan_jiantou01_add"/>\r\n    <SRangeData sName="guangquan_jiantouRed" iSkillId="2110" sNewName="guangquan_jiantou01_Red_add"/>\r\n	<SRangeData sName="guangquan_jiantou" iSkillId="3610" sNewName="guangquan_jiantou01_add"/>\r\n    <SRangeData sName="guangquan_jiantouRed" iSkillId="3610" sNewName="guangquan_jiantou01_Red_add"/>\r\n	<SRangeData sName="guangquan_jiantou" iSkillId="3612" sNewName="guangquan_jiantou01_add"/>\r\n    <SRangeData sName="guangquan_jiantouRed" iSkillId="3612" sNewName="guangquan_jiantou01_Red_add"/>\r\n	<SRangeData sName="guangquan_SkillArea" iSkillId="3837" sNewName="guangquan_SkillArea_02_add"/>\r\n	<SRangeData sName="guangquan_jiantou" iSkillId="4210" sNewName="guangquan_jiantou01_add"/>\r\n    <SRangeData sName="guangquan_jiantouRed" iSkillId="4210" sNewName="guangquan_jiantou01_Red_add"/>\r\n    <SRangeData sName="guangquan_sanxing_02" iSkillId="4310" sNewName="guangquan_sanxing_03_add"/>\r\n    <SRangeData sName="guangquan_sanxing_02Red" iSkillId="4310" sNewName="guangquan_sanxing_03Red_add"/>\r\n	<SRangeData sName="guangquan_jiantou" iSkillId="5121" sNewName="guangquan_jiantou02_add"/>\r\n    <SRangeData sName="    <SChessGuideAwardItem iId="300" iNum="60"/>\r\n      <SChessGuideAwardItem iId="401" iNum="50"/>\r\n    </SChessGuideAwardListForOld>\r\n  </AChessGuideAward>\r\n  <VCheckPosVaild><!--以下为测试六路小兵寻路上是否有阻挡-->\r\n    <SPosArray>      \r\n      <SPosParm fPosX="37.4" fPosZ="2.6"/><!--下方下路-->\r\n      <SPosParm fPosX="34.67" fPosZ="9.63"/>  \r\n      <SPosParm fPosX="30.28" fPosZ="13.92"/>    \r\n      <SPosParm fPosX="24.02" fPosZ="19.84"/>\r\n      <SPosParm fPosX="8" fPosZ="36.19"/>\r\n      <SPosParm fPosX="0" fPosZ="38.16"/>\r\n      <SPosParm fPosX="-8" fPosZ="36.19"/>\r\n      <SPosParm fPosX="-24.02" fPosZ="19.84"/>\r\n      <SPosParm fPosX="-30.28" fPosZ="13.92"/>  \r\n      <SPosParm fPosX="-34.67" fPosZ="9.63"/>     \r\n      <SPosParm fPosX="-38.4" fPosZ="0"/> \r\n    </SPosArray>\r\n    <SPosArray>      \r\n      <SPosParm fPosX="36.4" fPosZ="0"/><!--下方中路-->\r\n      <SPosParm fPosX="31.54" fPosZ="1.5"/>\r\n      <SPosParm fPosX="24.77" fPosZ="0.82"/>\r\n      <SPosParm fPosX="9.69" fPosZ="0.13"/>\r\n      <SPosParm fPosX="0" fPosZ="0"/>\r\n      <SPosParm fPosX="-9.69" fPosZ="-0.13"/>\r\n      <SPosParm fPosX="-24.77" fPosZ="-0.82"/>\r\n      <SPosParm fPosX="-31.54" fPosZ="-1.5"/>\r\n      <SPosParm fPosX="-38.4" fPosZ="0"/> \r\n    </SPosArray>\r\n    <SPosArray>      \r\n      <SPosParm fPosX="37.4" fPosZ="-2.6"/><!--下方上路-->\r\n      <SPosParm fPosX="34.67" fPosZ="-9.63"/> \r\n      <SPosParm fPosX="30.28" fPosZ="-13.92"/>\r\n      <SPosParm fPosX="24.02" fPosZ="-19.84"/>\r\n      <SPosParm fPosX="8" fPosZ="-36.19"/>\r\n      <SPosParm fPosX="0" fPosZ="-38.16"/>\r\n      <SPosParm fPosX="-8" fPosZ="-36.19"/>\r\n      <SPosParm fPosX="-24.02" fPosZ="-19.84"/>\r\n      <SPosParm fPosX="-30.28" fPosZ="-13.92"/>\r\n      <SPosParm fPosX="-34.67" fPosZ="-9.63"/> \r\n      <SPosParm fPosX="-38.4" fPosZ="0"/>\r\n    </SPosArray>\r\n    <SPosArray>      \r\n      <SPosParm fPosX="-37.4" fPosZ="2.6"/><!--上方上路-->\r\n      <SPosParm fPosX="-34.67" fPosZ="9.63"/> \r\n      <SPosParm fPosX="-30.28" fPosZ="13.92"/>\r\n      <SPosParm fPosX="-24.02" fPosZ="19.84"/>\r\n      <SPosParm fPosX="-8" fPosZ="36.19"/>\r\n      <SPosParm fPosX="0" fPosZ="38.16"/>\r\n      <SPosParm fPosX="8" fPosZ="36.19"/>\r\n      <SPosParm fPosX="24.02" fPosZ="19.84"/>\r\n      <SPosParm fPosX="30.28" fPosZ="13.92"/>\r\n      <SPosParm fPosX="34.67" fPosZ="9.63"/> \r\n      <SPosParm fPosX="38.4" fPosZ="0"/> \r\n    </SPosArray>\r\n    <SPosArray>      \r\n      <SPosParm fPosX="-36.4" fPosZ="0"/><!--上方中路-->\r\n      <SPosParm fPosX="-31.54" fPosZ="-1.5"/>\r\n      <SPosParm fPosX="-24.77" fPosZ="-0.82"/>\r\n      <SPosParm fPosX="-9.69" fPosZ="-0.13"/>\r\n      <SPosParm fPosX="0" fPosZ="0"/>\r\n      <SPosParm fPosX="9.69" fPosZ="0.13"/>\r\n      <SPosParm fPosX="24.77" fPosZ="0.82"/>\r\n      <SPosParm fPosX="31.54" fPosZ="1.5"/>\r\n      <SPosParm fPosX="38.4" fPosZ="0"/> \r\n    </SPosArray>\r\n    <SPosArray>      \r\n      <SPosParm fPosX="-37.4" fPosZ="-2.6"/><!--上方下路-->\r\n      <SPosParm fPosX="-34.67" fPosZ="-9.63"/> \r\n      <SPosParm fPosX="-30.28" fPosZ="-13.92"/>\r\n      <SPosParm fPosX="-24.02" fPosZ="-19.84"/>\r\n      <SPosParm fPosX="-8" fPosZ="-36.19"/>\r\n      <SPosParm fPosX="0" fPosZ="-38.16"/>\r\n      <SPosParm fPosX="8" fPosZ="-36.19"/>\r\n      <SPosParm fPosX="24.02" fPosZ="-19.84"/>\r\n      <SPosParm fPosX="30.28" fPosZ="-13.92"/>\r\n      <SPosParm fPosX="34.67" fPosZ="-9.63"/> \r\n      <SPosParm fPosX="38.4" fPosZ="0"/> \r\n    </SPosArray>\r\n  </VCheckPosVaild>\r\n  <ASkillCostExtra>\r\n sCD="10000;10000;10000;10000;10000;10000" sCostMp="" sCostXp="35;33;31;29;27;25"/>\r\n	<SCostData iSkillId="8620" sCD="9000;9000;9000;9000;9000;9000;9000" sCostMp="40;50;60;70;80;90;100" sCostXp=""/>\r\n	<SCostData iSkillId="8930" sCD="40000;37000;34000" sCostMp="130;150;170" sCostXp=""/>\r\n	<SCostData iSkillId="9320" sCD="12000;11200;10400;9600;8800;8000" sCostMp="75;80;85;90;95;100" sCostXp=""/>\r\n	<SCostData iSkillId="9640" sCD="65000;60000;55000" sCostMp="" sCostXp=""/>\r\n  </ASkillCostExtra>\r\n	<ASkillTrans>\r\n		<SSkillTrans iOldSkillID="6010" iNewSkillID="6002" iType="0"/>\r\n		<SSkillTrans iOldSkillID="6011" iNewSkillID="6002" iType="0"/>\r\n		<SSkillTrans iOldSkillID="8410" iNewSkillID="8411" iType="1"/>\r\n	</ASkillTrans>\r\n  <ACommonnData fCampABornPosX="-39" fCampABornPosZ="0" fCampBBornPosX="39" fCampBBornPosZ="0" fLeaveRange="5" sForbidCdSoundSkillId="6010"\r\n  sDeadDontDestoryEffNames="moliyaoshui;baonuyaoshui;taitanyaoshui;halloween_nanguatou_add" iHideExtraAttackButtonHerolID="71" iSpecialAtkSkillID="7810" \r\n  iSpecialAtkSkillID1="7170" iFastDieTime="45" fCamSmoothMoveSpeed="9" fCamSmoothSpeed="5" fCamSmoothFlag="0.5" fCamSmoothDelayed="0" \r\n  fKillTowerExtra="0" iBossChangeSkillId="30230" iBossChangeTime="720000" fKeyYuanRange="0.05" fKeyJianTouRange="0.07" fKeyShanXingRange="0.15" fIndicatorHeight="0.1" fShowHolyBtnDis="3" \r\n  fEmojiTipsShowTime="6" iEmojiTipDely="10" iBornBossDisorderKillNum="0" sTowerProBeAttEff="towerprotect_add" fCountSelfAdditionIntervalTime="0.5" sNotLinkEffectId="2015000" sNotTriggerByList="3;11;12;13;14;16;17;20;35;36;38;39;51;56;60;61;65" sDefencePerkSkill="450110/1;450120/1;450220/1;450310/1;" sSnyMakeSrcSpellByList="		  <!-- 技能UI 按键层的类型处理-->\r\n	<ASkillUIkeyType>\r\n	    <SSkillUIkeyType  iSkillID="1330"  ikeyType="43"  sParams="135300;ui_chongneng;2;10000;1;5"  iShowFlag="1" />\r\n	    <SSkillUIkeyType  iSkillID="4810"  ikeyType="43"  sParams="481005;ui_chongneng;2;11000;1;3"  iShowFlag="1" />\r\n		<SSkillUIkeyType  iSkillID="5250"  ikeyType="32"  sParams="Atlas_CommonBattleUI_add/Hero88BG"  iShowFlag="1" />\r\n		<SSkillUIkeyType  iSkillID="5510"  ikeyType="43"  sParams="551007;ui_chongneng;2;6000;1;5"  iShowFlag="1" />\r\n		<SSkillUIkeyType  iSkillID="8620"  ikeyType="43"  sParams="862004;ui_chongneng;2;9000;1;5"  iShowFlag="1" />\r\n		<SSkillUIkeyType  iSkillID="5710"  ikeyType="43"  sParams="571011;ui_chongneng;2;8500;1;2"  iShowFlag="1" />\r\n		<SSkillUIkeyType  iSkillID="8850"  ikeyType="32"  sParams="Atlas_CommonBattleUI_add/Hero88BG"  iShowFlag="1" />\r\n		<SSkillUIkeyType  iSkillID="9620"  ikeyType="43"  sParams="962600;ui_chongneng;2;6000;1;4"  iShowFlag="1" />\r\n		<SSkillUIkeyType  iSkillID="9430"  ikeyType="43"  sParams="943000;ui_chongneng;2;18000;1;3"  iShowFlag="1" />\r\n		<SSkillUIkeyType  iSkillID="8410"  ikeyType="34"  sParams="12;0;0.5"  iShowFlag="1" />\r\n		<SSkillUIkeyType  iSkillID="9160"  ikeyType="41"  sParams=""  iShowFlag="1" />\r\n		<SSkillUIkeyType  iSkillID="206956"  ikeyType="141"  sParams="505;255"  iShowFlag="0" />\r\n		<SSkillUIkeyType  iSkillID="9330"  ikeyType="35"  sParams="9330;9360;396;3400;9390;264"  iShowFlag="1" />\r\n		<SSkillUIkeyType  iSkillID="9700"  ikeyType="22"  sParams="9700;9750;300"  iShowFlag="1" />\r\n	</ASkillUIkeyType>\r\n	<ADiyKeyPos>\r\n	<!--SDiyPos iHeroId="96" sPos="2,3,4,1"/-->\r\n	</ADiyKeyPos>\r\n  <!-- 皮肤登场彩蛋特效-->\r\n	<ABattleSkinEff>\r\n		<SBattleSkin iId="1" sEffName="Hero_eggs_saber_add" iNum="3" sIds="1187;1323;1036;1145;1334"/>\r\n		<SBattleSkin iId="2" sEffName="Hero_eggs_venom01_add" iNum="3" sIds="1426;1444;1554;1566;1604"/>\r\n		<SBattleSkin iId="3" sEffName="Hero_eggs_qishituan_add" iNum="3" sIds="1065;1079;1177;1735;1795"/>\r\n	</ABattleSkinEff>\r\n  <!-- 神话段位显示 大徽章显示特效  loading半身像框特效  段位头像框特效-->\r\n  <ARankEffect iRankIconID="186" sRankIconEffect="ui_shenhua_chengjiu" iRankLoadingID="236" sRankLoadingEffect="ui_shenhua_banshenxiangkuang" iRankHeadID="5" sRankHeadEffect="" />\r\n  <!-- 战斗中低于多少帧提示 ,低于配置帧率多少秒提示,战斗进行几秒后开始统计-->\r\n  <ANeedShowFPSReduceTips iTargetFPS="1" fCheckTime="1" fWaitToCheck="1" fHighFrameRateTargetFps="5" fHighFrameRateCheckTime="5"/> \r\n  <ABattleHurtReplay sEffectID="404100;11000;10002;10001;84001;94002;160001;2174000;2500000;2500004;2500008;2500014;2500020;2500026;2500027;2500027;2500027;2500122;2500260;2500302;2500701;70005;2500061;470300;470700;2500701;430001;430002;400000;400100;400200;390001;390000;370100;370200;370400;370500;340001;340002;240001;260001;134010;270000;222007;460002;460004;300001;300000;506008;506000;506003;200100;450004;450002;250000;220000;502000;506006;505006;522009;523006;523010;520006;523010;481000;481005;481006;481007;482000;482006;530000;530001;113006;321000;320000;560001;382100;384300;711900;743006;940004;940200;941010;941011;941014;942004;942007" sSkillID="4040;110;110;110;840;940;1640;20174;25000;25003;25007;25013;25019;25024;25095;25026;25027;25120;25260;25300;25701;740;25060;4700;4700;25700;4330;4330;4000;4000;4000;3900;3900;3700;3700;3700;3700;3440;3440;2400;2640;1340;2700;2220;4640;4640;3000;3000;5013;5010;5010;2000;4500;4500;2500;2200;5020;5013;5050;5240;5231;5231;5240;5240;4810;4810;4810;4810;4820;4820;5300;5340;1130;3210;3200;5600;3820;3840;7110;7430;9450;9400;9410;9413;9410;9423;9420"/>\r\n  <AChinaVersion sChatLanChannel="6;41;22;23;10"/>\r\n  <!-- 推荐技能加点，iAutoSkillLvUpTime：自动升级技能延迟时间  iPreparAutoByEquip:自动购买装备提示时间    iAutoByEquip:自动购买装备延迟时间 -->\r\n  <ARecommendSkill iSkillLvUpRolelevel="1000" iAutoSkillLvUpTime="20" iPreparAutoByEquip="15" iAutoByEquip="15"/>\r\n	<VTowerInfo fTowerFreeAttackTime="10" fMainTowerWarningTime="10"/>\r\n	<!-- 药水推荐，判断 buffID 是否存在自身-->\r\n  <ABuffEffect sEffectID="2533000;2534000;2535000" iPhyBuffEquipId="1010" iMagicBuffEquipId="1110" iShieldBuffEquipId="1210"/>\r\n	<!-- 镜头移动灵敏度，最小值，最大值，默认位置   fCamRatioByJudger裁判模式下拉远尽头移动速度的衰减度-->\r\n	<ASensitivity fCamMinSensitivity="-5" fCamMaxSensitivity="5" fDefaultSensitivity="0.5" fCamRatioByJudger="0.5"/>\r\n	<!-- 击杀提示UI默认资源名 -->\r\n	<AKillTipUI sDefNameOne="Atlas_BattleGround" sDefNameTwo="jianglin_loop" sDefNameThree="jianglin_end" sDefNameFour="" sDefNameFive="" sDefNameSix="" />\r\n	<!-- 配置角色脚下圆形阴影面片的显示效果 大小 透明度    仅针对在HeroCostume表中不出现的profeb，如召唤物，变身模型-->\r\n	<VShadowParam>\r\n		<SScaleAndAlpha sPrefabName="hero_bird_skin" fScale="0.8" fAlpha="0.2" />             <!-- 法莎鸟召唤物-->\r\n		<SScaleAndAlpha sPrefabName="hero_bird_skin01" fScale="0.8" fAlpha="0.2" />\r\n		<SScaleAndAlpha sPrefabName="hero_bird_skin02" fScale="0.8" fAlpha="0.2" />\r\n		<SScaleAndAlpha sPrefabName="hero_bird_skin03" fScale="0.8" fAlpha="0.2" />\r\n		<SScaleAndAlpha sPrefabName="hero_dabird_skin" fScale="2.3" fAlpha="0.4" />			  <!-- 法莎变鸟-->	\r\n		<SScaleAndAlpha sPrefabName="hero_dabird_skin01" fScale="2.3" fAlpha="0.4" />		\r\n		<SScaleAndAlpha sPrefabName="hero_dabird_skin02" fScale="2.3" fAlpha="0.4" />\r\n		<SScaleAndAlpha sPrefabName="hero_dabird_skin03" fScale="2.3" fAlpha="0.4" />\r\n		<SScaleAndAlpha sPrefabName="hero_wolf_skin" fScale="3.2" fAlpha="0.55" />            <!-- 罗杰变身-->\r\n		<SScaleAndAlpha sPrefabName="hero_wolf_skin01_add" fScale="3.2" fAlpha="0.55" />\r\n		<SScaleAndAlpha sPrefabName="hero_wolf_skin02_add" fScale="3.2" fAlpha="0.55" />\r\n		<SScaleAndAlpha sPrefabName="hero_wolf_skin03_add" fScale="3.2" fAlpha="0.55" />\r\n	</VShadowParam>\r\n	<VSynEffectParam sDontSynEffectTypes="1000" />\r\n  <VChiji iStartRadius="160" iHurtSpan="1000" iStartTime="60000" iPoisonType="1">\r\n    <SChijiItem iIdleTime="100000" iMoveTime="60000" iHurtValue="10" iRadius="105" iMaxForbidRadius="105" iMinForbidRadius="20"/>\r\n    <SChijiItem iIdleTime="80000" iMoveTime="50000" iHurtValue="20" iRadius="75" iMaxForbidRadius="75" iMinForbidRadius="20"/>\r\n    <SChijiItem iIdleTime="60000" iMoveTime="30000" iHurtValue="30" iRadius="50" iMaxForbidRadius="50" iMinForbidRadius="10"/>\r\n    <SChijiItem iIdleTime="40000" iMoveTime="20000" iHurtValue="50" iRadius="34" iMaxForbidRadius="34" iMinForbidRadius="5"/>\r\n    <SChijiItem iIdleTime="30000" iMoveTime="20000" iHurtValue="100" iRadius="23" iMaxForbidRadius="23" iMinForbidRadius="5"/>\r\n    <SChijiItem iIdleTime="20000" iMoveTime="10000" iHurtValue="120" iRadius="12" iMaxForbidRadius="12" iMinForbidRadius="3"/>\r\n	<SChijiItem iIdleTime="30000" iMoveTime="10000" iHurtValue="150" iRadius="0" iMaxForbidRadius="0" iMinForbidRadius="0"/>\r\n  </VChiji>\r\n    <!--iStartRadius初始半径 iCenterRandomRadius1="" iCenterRandomRadius2 初始圆心随机范围   iStartTime 初始等待时间-->\r\n  <!--iIdleTime1缩小前等待时间  iReduceTime缩小时间 iIdleTime2移动前等待时间 iMoveSpeed移动速度 iMoveTime移动时间 iRadius缩小后的半径-->\r\n  <VChiji2 iStartRadius="160" iCenterRandomRadius1="5" iCenterRandomRadius2="30" iHurtSpan="1000" iStartTime="90000" iForbidRadius="60">    \r\n    <SChijiItem2 iIdleTime1="100000" iReduceTime="55000" iIdleTime2="80000" iMoveSpeed="250" iMoveTime="20000" iHurtValue="10" iRadius="105"/>\r\n	<SChijiItem2 iIdleTime1="5000" iReduceTime="45000" iIdleTime2="70000" iMoveSpeed="250" iMoveTime="20000" iHurtValue="20" iRadius="75"/>\r\n	<SChijiItem2 iIdleTime1="5000" iReduceTime="25000" iIdleTime2="50000" iMoveSpeed="250" iMoveTime="25000" iHurtValue="30" iRadius="50"/>\r\n	<SChijiItem2 iIdleTime1="5000" iReduceTime="15000" iIdleTime2="45000" iMoveSpeed="280" iMoveTime="30000" iHurtValue="50" iRadius="34"/>\r\n	<SChijiItem2 iIdleTime1="5000" iReduceTime="15000" iIdleTime2="60000" iMoveSpeed="250" iMoveTime="25000" iHurtValue="100" iRadius="23"/>\r\n	<SChijiItem2 iIdleTime1="5000" iReduceTime="10000" iIdleTime2="30000" iMoveSpeed="250" iMoveTime="25000" iHurtValue="120" iRadius="12"/>\r\n	<SChijiItem2 iIdleTime1="30000" iReduceTime="10000" iIdleTime2="0" iMoveSpeed="250" iMoveTime="0" iHurtValue="150" iRadius="0"/>\r\n  </VChiji2>\r\n\r\n  <VFrobidIcon>\r\n    <SIconName iID="0" sIconName="Atlas_BattleGround/Skill06"/>\r\n    <SIconName iID="1" sIconName="Atlas_BattleGround/Skill06"/>\r\n    <SIconName iID="2" sIconName="Atlas_BattleGround/Skill07"/>\r\n    <SIconName iID="3" sIconName="Atlas_BattleGround/skillCD"/>\r\n  </VFrobidIcon>\r\n    <!--换展示台子淡入淡出动作-->\r\n   <VHeroShowTaizi>\r\n    <STaiziAnim iSkinID="1037" sAnimName="HeroShowAnim01_add"/>\r\n    <STaiziAnim iSkinID="1125" sAnimName="HeroShowAnim02_add"/>\r\n  </VHeroShowTaizi>\r\n  \r\n  <VBattleDropItem>\r\n	<SDropItem iEffID="3485000" iItemID="24541"/>\r\n  </VBattleDropItem>\r\n\r\n  <!--生存模式ai数量配置   吃到鸡镜头启示录的镜头轨迹配置 fCameDis 距离 fCamDisY 高度 fCamRotateAngle 角度  fCamTime 时间-->\r\n  <!--生存模式剩余人数击杀表现效果 fReciDelayTween:tweenScale当前存活数数字延迟播放时间 fEndDelayTime:存活数倒数UI总停留时间 iStartReciprocalsNum:倒数开始人数  生存模式队友激活套装提醒设置 fMsgTipStayTime:tips停留时间 -->\r\n\r\n  <VSurvivalParam iRealRoboterNum="30" iSingleRealRoboterNum="20" iVirtualAINum="51" iSingleVirtualAINum="30" iPeopleNumOfCamp="3" fCameDis="23" fCamDisY="4.5" fCamRotateAngle="20" fCamTime="4" \r\n  fReciDelayTween="0.5" fEndDelayTime="1.5" fMsgTipStayTime="3" iStartReciprocalsNum="20" iEvoStartRecNum="14" iLuckyPer1="0" iMaxLuckPer="1000" iExtraAttrIsRatio="1" iLuckyValByEquipLv="1"/>\r\n  <ASurvivalLuckyEquip>\r\n    <SLuckyEquip iLuckyVal="3" iStar4Per="0" iStar3Per="1" iStar2Per="5"  iStar1Per="100"/>\r\n    <SLuckyEquip iLuckyVal="6" iStar4Per="1" iStar3Per="2" iStar2Per="10"  iStar1Per="100"/>\r\n    <SLuckyEquip iLuckyVal="9" iStar4Per="1" iStar3Per="4" iStar2Per="15"  iStar1Per="100"/>\r\n    <SLuckyEquip iLuckyVal="12" iStar4Per="1" iStar3Per="6" iStar2Per="20"  iStar1Per="100"/>\r\n    <SLuckyEquip iLuckyVal="15" iStar4Per="1" iStar3Per="8" iStar2Per="25"  iStar1Per="100"/>\r\n    <SLuckyEquip iLuckyVal="18" iStar4Per="2" iStar3Per="10" iStar2Per="30"  iStar1Per="100"/>\r\n    <SLuckyEquip iLuckyVal="21" iStar4Per="2" iStar3Per="12" iStar2Per="35"  iStar1Per="100"/>\r\n    <SLuckyEquip iLuckyVal="24" iStar4Per="3" iStar3Per="14" iStar2Per="40"  iStar1Per="100"/>\r\n    <SLuckyEquip iLuckyVal="27" iStar4Per="3" iStar3Per="16" iStar2Per="45"  iStar1Per="100"/>\r\n    <SLuckyEquip iLuckyVal="30" iStar4Per="4" iStar3Per="18" iStar2Per="50"  iStar1Per="100"/>\r\n    <SLuckyEquip iLuckyVal="33" iStar4Per="4" iStar3Per="20" iStar2Per="55"  iStar1Per="100"/>\r\n    <SLuckyEquip iLuckyVal="36" iStar4Per="5" iStar3Per="22" iStar2Per="60"  iStar1Per="100"/>\r\n    <SLuckyEquip iLuckyVal="39" iStar4Per="5" iStar3Per="24" iStar2Per="65"  iStar1Per="100"/>\r\n    <SLuckyEquip iLuckyVal="42" iStar4Per="6" iStar3Per="26" iStar2Per="70"  iStar1Per="100"/>\r\n    <SLuckyEquip iLuckyVal="45" iStar4Per="6" iStar3Per="28" iStar2Per="75"  iStar1Per="100"/>\r\n    <SLuckyEquip iLuckyVal="48" iStar4Per="7" iStar3Per="30" iStar2Per="80"  iStar1Per="100"/>\r\n    <SLuckyEquip iLuckyVal="51" iStar4Per="7" iStar3Per="32" iStar2Per="85"  iStar1Per="100"/>\r\n	<SLuckyEquip iLuckyVal="54" iStar4Per="8" iStar3Per="34" iStar2Per="90"  iStar1Per="100"/>\r\n    <SLuckyEquip iLuckyVal="57" iStar4Per="8" iStar3Per="36" iStar2Per="95"  iStar1Per="100"/>\r\n  </ASurvivalLuckyEquip>\r\n  <VJudgerMapCfg fMapX="-52.5" fOffsetX="12" /><!--裁判ob视角下拉高之后的地形范围-->\r\n  <!--赛事观战参数-->\r\n  <VMappingCurve iDefaultTime="3" sMappingCurvedata="2500;5000;10000;20000;40000;80000" sMappingCurveExpdata="250;500;1000;2000;4000;8000" />\r\n	<!--fDelay 任务经验值成功领取后延迟n秒经验条开始涨，fTime 经验条走n秒到达实际值，fShowReward n秒后显示加多少经验值的文本并且播放上面的tween动画 ,--> \r\n  <!--fShowRewardDelay领奖跳字多少时间后播完成态(接在fShowReward这个后) ，fShowCompleteStateDelay 播放完完成态几秒后翻页，fDelayShowContent界面打开几秒后显示节点并播放淡入动画,fDelayShowAfterTunring开始翻页几秒后显示节点并播放淡入动画,--> \r\n <!-- fCatlogAutoTurn目录自动跳转,iOpenLevel系统开放等级,fSecondDelayShowContent界面打开第二次显示节点时间,sClosePos功能开放前坐标ui从上往下,sOPenPos功能开放后坐标-->\r\n  <VHeroCultiveUi fDelay="0.1" fTime="2.2" fShowReward="2.3" fShowRewardDelay="0.6" fShowCompleteStateDelay="0.8" fDelayShowContent="2" fDelayShowAfterTunring="0.8" fCatlogAutoTurn="2.8" iOpenLevel="9" fSecondDelayShowContent="0.2" sClosePos="55;200;140" sOPenPos="25;140;80"/>\r\n<!--欧盟协议国家 initlang也要同步配置-->\r\n  <VMTAgreementCountry sCountry="AT;BE;NL;CY;CZ;DE;DK;GR;EE;ES;FI;FR;GB;HU;IE;IT;LT;LV;MT;PL;PT;SE;SI;SK;RO;BG"/>\r\n  <VPlayerBackReward sReward="5080:1;7802:1;300:100"/>\r\n<!--不下高模情况下，低模旋转角度-->\r\n  <VHightDateShow fRotation="180"/>\r\n<!--VNG包越南语文本-->\r\n	<VNGMessageText sVNGAppleLogin="Đăng nhập bằng Apple" sVNGZingLogin="Tài khoản Zing" sVNGGuestLogin="Tài khoản Chơi Ngay" sVNGFBLogin="Tài khoản Facebook" sVNGCustomerTitle="CSKH" sVNGCustomerTip="Nếu gặp vấn đề vui lòng liên hệ Fanpage"/>\r\n<!--截屏图片缩放比例-->\r\n	<VScreenshotPop fScale="0.5"/>\r\n<!--防御塔护盾显示 attr:护盾类型 valueper：属性值兑换血量的比例 iShieldType：默认为1-->\r\n  <ATowerShield>\r\n    <STShield iAttr="114" iValuePer="100" iShieldType="1"/>\r\n  </ATowerShield>\r\n  <AntiPluginData iCheckTime="30000" iMinBattleTime="90000" sSkillWhiteList=""><!--关于时间的都是毫秒, sSkillWhiteList 填白名单的skillid, 分号隔开-->\r\n    <SCheckData iType="1" iPara1="0" iPara2="300000" iPara3="2500"/><!--iType 默认为1 ,iPara1最小战场时间, iPara2最大战场时间, iPara3伤害最大值-->\r\n    <SCheckData iType="1" iPara1="300000" iPara2="600000" iPara3="4000"/>\r\n    <SCheckData iType="1" iPara1="600000" iPara2="0" iPara3="6000"/>\r\n  </AntiPluginData>\r\n  <AMapExtraSkill>\r\n    <SMapExtraData iType="5" iPara1="10" iPara2=""/><!--iType 1 圣诞节+圣诞节地图，iPara1是英雄Id, iPara2是技能Id-->\r\n    <SMapExtraData iType="5" iPara1="2002" iPara2=""/>    \r\n  </AMapExtraSkill>\r\n  <AHeroExtraScore>\r\n    <SHeroExtraData sHeroid="48;55" fExtraScore="0.05" fExtraMax="0.5"/>\r\n  </AHeroExtraScore>\r\n      <!--配置开启语音包-->\r\n	<VLanguageVoice sLanID="20;22"/>\r\n      <!--设置等级不执行按钮解锁功能 iHideBg 隐藏特效背景播放拖尾 iDeactive 播放按钮特效隐藏解锁界面 iMove拖尾时长-->\r\n  <VSytemUnlock iOpenUnlockLvl="4" fHideBg="1.6" fDeactive="2" fMove="0.4"/>\r\n  <!-- 翻新的战场技能小红点-->\r\n  <VBattleSkillRed sSkillRed="20050;20140;20160;20190"/>\r\n  <!-- 伤害暴击缩放系数 iID 格式必须 CritHp 暴击 200 伤害值 HP 非暴击 200 伤害值 伤害值需要降序排列\r\n  iType="1" 塔防模式飘字配置-->\r\n<AFlyHurtLocalScaleConfig>\r\n	<SHurtLocalScale sId="HP2000" fLocalScale="1"/>\r\n	<SHurtLocalScale sId="HP1000" fLocalScale="1"/>\r\n	<SHurtLocalScale sId="HP500" fLocalScale="0.95"/>\r\n	<SHurtLocalScale sId="HP200" fLocalScale="0.9"/>\r\n	<SHurtLocalScale sId="HP100" fLocalScale="0.8"/>\r\n	<SHurtLocalScale sId="HP50" fLocalScale="0.75"/>\r\n	<SHurtLocalScale sId="HP0" fLocalScale="0.7"/>\r\n	<SHurtLocalScale sId="CritHP2000" fLocalScale="1.4"/>\r\n	<SHurtLocalScale sId="CritHP1000" fLocalScale="1.3"/>\r\n	<SHurtLocalScale sId="CritHP500" fLocalScale="1.2"/>\r\n	<SHurtLocalScale sId="CritHP200" fLocalScale="1.15"/>\r\n	<SHurtLocalScale sId="CritHP0" fLocalScale="1.1"/>\r\n	<SHurtLocalScale sId="StealHP400" fLocalScale="1"/>\r\n	<SHurtLocalScale sId="StealHP200" fLocalScale="0.9"/>\r\n	<SHurtLocalScale sId="StealHP100" fLocalScale="0.8"/>\r\n	<SHurtLocalScale sId="StealHP50" fLocalScale="0.75"/>\r\n	<SHurtLocalScale sId="StealHP0" fLocalScale="0"/>\r\n	<SHurtLocalScale sId="HP2000" fLocalScale="0" iType="1"/>\r\n	<SHurtLocalScale sId="HP0" fLocalScale="0" iType="1"/>\r\n	<SHurtLocalScale sId="CritHP2000" fLocalScale="1.5" iType="1"/>\r\n	<SHurtLocalScale sId="CritHP0" fLocalScale="1" iType="1"/>\r\n	<SHurtLocalScale sId="StealHP400" fLocalScale="1" iType="1"/>\r\n	<SHurtLocalScale sId="StealHP0" fLocalScale="0" iType="1"/>\r\n</AFlyHurtLocalScaleConfig>\r\n	<!-- 野怪刷新时间配置 iOffsetTime 偏移时间(毫秒) 比如1分钟后多少秒刷 错开刷兵时间 iIntervalTime 间隔时间(毫秒) 1分钟后刷 20分钟后不再成长 iMoveSpeedGrowStartTime:士兵移速开始成长的时间 单位是分钟-->\r\n	<VMonsterUpgradeConfig iOffsetTime="20000" iIntervalTime="60000" iLimitTime="1800000" iMoveSpeedGrowStartTime ="8000" />\r\n  <!-- 语音聊天提示气泡频率  战场内提示几人开麦克的气泡（总次数，间隔天数），房间内提示开语音气泡（总次数，间隔天数）-->\r\n  <VoiceTimes iBattleTimes="200" iBattleDay="5" iRoomTimes="200" iRoomDay="5" />\r\n  <ASummonEffPreLoad>\r\n    <SSummonEff iId="20150" sEffect="zhanchang_newliesha;zhanchang_lieshaatked"/>\r\n	<SSummonEff iId="20020" sEffect="zhanchang_lieshanew01;zhanchang_lieshanew02;"/>\r\n	<SSummonEff iId="20030" sEffect="skill_kuangbao;"/>\r\n	<SSummonEff iId="20040" sEffect="renwu_jiasu;"/>\r\n	<SSummonEff iId="20050" sEffect="zhanchang_shengming;skill_huifu;"/>\r\n	<SSummonEff iId="20060" sEffect="zhanchang_jiandun;"/>\r\n	<SSummonEff iId="20070" sEffect="zhanchang_shihua;"/>\r\n	<SSummonEff iId="20080" sEffect="skill_jinghua_chixu;"/>\r\n	<SSummonEff iId="20140" sEffect="zhanchang_daodan_fire;zhanchang_daodan_zidan;zhanchang_daodan_hit;"/>\r\n	<SSummonEff iId="20100" sEffect="zhanchang_sy_01;zhanchang_sy;"/>\r\n	<SSummonEff iId="20160" sEffect="zhangchang_sy_01;zhanchang_jianglin02;zhanchang_jianglin;"/>		\r\n	<SSummonEff iId="20190" sEffect="zhanchang_fanji;zhanchang_fanji_hit_add;zhanchang_fanji_zidan;zhanchang_fanji_hit02_add;"/>\r\n	<SSummonEff iId="20010" sEffect="skill_huifu;"/>	\r\n  </ASummonEffPreLoad>\r\n  <AAchieveTypeAtlasIcon>\r\n	<SAchieveTypeAtlas iAchieveType="0" sAtlasName="Atlas_LegendaryPath01_add"/>\r\n	<SAchieveTypeAtlas iAchieveType="1" sAtlasName="Atlas_AchievementIcon01_add;Atlas_AchievementIcon02_add"/>\r\n	<SAchieveTypeAtlas iAchieveType="2" sAtlasName="Atlas_AchievementIcon03_add;Atlas_AchievementIcon04_add"/>\r\n	<SAchieveTypeAtlas iAchieveType="3" sAtlasName="Atlas_AchievementIcon05_add;Atlas_AchievementIcon08_add"/>\r\n	<SAchieveTypeAtlas iAchieveType="4" sAtlasName="Atlas_AchievementIcon06_add"/>\r\n	<SAchieveTypeAtlas iAchieveType="5" sAtlasName="Atlas_AchievementIcon07_add"/>\r\n  </AAchieveTypeAtlasIcon>  \r\n    <!--不同成就类型分别使用的图集-->\r\n	\r\n	<!--相册相关配置 iCharacterLimit 评论界面字数限制 iCommentShowLimit 显示评论的条目限制-->\r\n  <VAlbumSocial iCharacterLimit="40" iCommentShowLimit="10"/>	\r\n\r\n    <!--匹配成功界面配置 iEffectDelayTime 特效播放延后时间-->\r\n  <VMatchingEffect iEffectDelayTime="0"/>\r\n  \r\n       <VGameLobbyMatchEffect><!--新版主城特效-->\r\n		<SMatchEffect sName="" iQuality="0" sPos="" sRenderQ="" iRenderQLvl="1"/> <!--切换沙盘特效 名字，高中低配（3只有高，2高中，1高中低，0全部包含极简），节点，参照节点，参照节点的上层/下层（1上层，2下层）-->\r\n		<SStasrtMatchEffect sName="ui_moshi3" iQuality="3" sPos="m_Sprite_QuickPlay01" sRenderQ="m_Sprite_QuickPlay01" iRenderQLvl="1"/> <!--开始游戏按钮特效 名字，高中低配（3只有高，2高中，1高中低，0全部包含极简），节点，参照节点，参照节点的上层/下层（1上层，2下层）-->\r\n		<SHotPicEffect sName="" iQuality="1" sPos="" sRenderQ="" iRenderQLvl="2" /> <!--热点图标特效 名字，高中低配（3只有高，2高中，1高中低，0全部包含极简），节点，参照节点，参照节点的上层/下层（1上层，2下层）-->\r\n		<SMedalTreasureF sName="ui_baoxiang_zhibo1" iQuality="1" sPos="m_Sprite_MedalTreasure" sRenderQ="m_Sprite_MedalTreasure" iRenderQLvl="1" /> <!--奖牌宝箱前层特效 名字，高中低配（3只有高，2高中，1高中低，0全部包含极简），节点，参照节点，参照节点的上层/下层（1上层，2下层）-->\r\n		<SMedalTreasureB sName="ui_baoxiang_perf1" iQuality="2" sPos="m_Sprite_MedalTreasureBG" sRenderQ="m_Sprite_MedalTreasureBG" iRenderQLvl="1" /> <!--奖牌宝箱后层特效 名字，高中低配（3只有高，2高中，1高中低，0全部包含极简），节点，参照节点，参照节点的上层/下层（1上层，2下层）-->\r\n		<STimeTreasureF sName="ui_baoxiang_zhibo2" iQuality="1" sPos="m_Sprite_TimeTreasure" sRenderQ="m_Sprite_TimeTreasure" iRenderQLvl="1" /> <!--时间宝箱前层特效，高中低配（3只有高，2高中，1高中低，0全部包含极简），节点，参照节点，参照节点的上层/下层（1上层，2下层）-->\r\n		<STimeTreasureB sName="ui_baoxiang_perf2" iQuality="2" sPos="m_SpriteTimeTreasureBG" sRenderQ="m_SpriteTimeTreasureBG" iRenderQLvl="1" /> <!--时间宝箱后层特效，高中低配（3只有高，2高中，1高中低，0全部包含极简），节点，参照节点，参照节点的上层/下层（1上层，2下层）-->\r\n		<SDailyTaskF sName="DailyTask_richang" iQuality="1" sPos="m_Sprite_DailyTask" sRenderQ="m_Sprite_DailyTask" iRenderQLvl="1" /> <!--日常任务前层特效，高中低配（3只有高，2高中，1高中低，0全部包含极简），节点，参照节点，参照节点的上层/下层（1上层，2下层）-->\r\n		<SDailyTaskB sName="ui_baoxiang_perf1" iQuality="2" sPos="m_sprite_DailyTaskBG" sRenderQ="m_sprite_DailyTaskBG" iRenderQLvl="1" /> <!--日常任务后层特效，高中低配（3只有高，2高中，1高中低，0全部包含极简），节点，参照节点，参照节点的上层/下层（1上层，2下层）-->\r\n		<SMainBgF sName="ui_MainInterfacePerfor_front1" iQuality="3" sPos="m_BgEff_Front" sRenderQ="m_Sprite_ModeBG" iRenderQLvl="1" /> <!--主界面通用背景前层特效，高中低配（3只有高，2高中，1高中低，0全部包含极简），节点，参照节点，参照节点的上层/下层（1上层，2下层）-->\r\n		<SMainBgB sName="ui_MainInterfacePerfor_behind1" iQuality="3" sPos="m_BgEff_Back" sRenderQ="m_Sprite_ModeBG" iRenderQLvl="2" /> <!--主界面通用背景后层特效 ，高中低配（3只有高，2高中，1高中低，0全部包含极简），节点，参照节点，参照节点的上层/下层（1上层，2下层）-->\r\n		<SActivityF sName="ui_huodong_MainBGeff1" iQuality="3" sPos="m_CommonFrame" sRenderQ="m_uiActivityFrame_bg" iRenderQLvl="1" /> <!--活动界面通用背景前层特效 ，高中低配（3只有高，2高中，1高中低，0全部包含极简），节点，参照节点，参照节点的上层/下层（1上层，2下层）-->\r\n		<SActivityB sName="" iQuality="3" sPos="m_bg" sRenderQ="m_Sprite" iRenderQLvl="2" /> <!--活动界面通用背景后层特效 ，高中低配（3只有高，2高中，1高中低，0全部包含极简），节点，参照节点，参照节点的上层/下层（1上层，2下层）-->\r\n		<SBackRoomEffect sName="ui_BacktoRoom" iQuality="3" sPos="m_Sprite_BackToRoomEff" sRenderQ="m_Sprite_BackToRoomEff" iRenderQLvl="1"/> <!--主界面返回房间按钮特效 名字，高中低配（3只有高，2高中，1高中低，0全部包含极简），节点，参照节点，参照节点的上层/下层（1上层，2下层）-->\r\n\r\n   </VGameLobbyMatchEffect>\r\n\r\n    <!--主播进战场资源配置 iResourceName 资源名称-->\r\n  <VLiveBattleResource iResourceName="Atlas_AudienceLevel_add"/>  \r\n\r\n	<!--奖牌宝箱规则界面 iItemOrder 道具序号 iBoxItemID 道具ID sItemNum 道具显示的数量-->\r\n  <AMedalBoxRule>\r\n	<SMedalBoxRuleItem iItemOrder="0" iBoxItemID="15258" sItemNum="1"/>\r\n	<SMedalBoxRuleItem iItemOrder="1" iBoxItemID="15218" sItemNum="1"/>\r\n	<SMedalBoxRuleItem iItemOrder="2" iBoxItemID="601" sItemNum="1"/>\r\n	<SMedalBoxRuleItem iItemOrder="3" iBoxItemID="300" sItemNum="200-250"/>\r\n	<SMedalBoxRuleItem iItemOrder="4" iBoxItemID="401" sItemNum="185"/>\r\n	<SMedalBoxRuleItem iItemOrder="5" iBoxItemID="23006" sItemNum="1"/>\r\n  </AMedalBoxRule>\r\n \r\n   <!--时间宝箱规则界面 iItemOrder 道具序号 iBoxItemID 道具ID sItemNum 道具显示的数量-->\r\n  <ATimeBoxRule>\r\n	<STimeBoxRuleItem iItemOrder="0" iBoxItemID="15258" sItemNum="1"/>\r\n	<STimeBoxRuleItem iItemOrder="1" iBoxItemID="300" sItemNum="40-50"/>\r\n	<STimeBoxRuleItem iItemOrder="2" iBoxItemID="401" sItemNum="30"/>\r\n	<STimeBoxRuleItem iItemOrder="3" iBoxItemID="601" sItemNum="1"/>\r\n	<STimeBoxRuleItem iItemOrder="4" iBoxItemID="302" sItemNum="5-7"/>\r\n  </ATimeBoxRule>\r\n  \r\n   <!--战队活跃奖励显示（UI_TeamGuide）-->\r\n  <ATeamGuideAward>\r\n	<STeamGuideAwardItem iItemOrder="0" iItemID="40003" sItemNum="1"/>\r\n	<STeamGuideAwardItem iItemOrder="1" iItemID="15244" sItemNum="1"/>\r\n	<STeamGuideAwardItem iItemOrder="2" iItemID="300" sItemNum="500"/>\r\n	<STeamGuideAwardItem iItemOrder="3" iItemID="15231" sItemNum="8"/>\r\n  </ATeamGuideAward>\r\n  \r\n  \r\n   <!--结算时点赞功能延后出现时长-->\r\n  <VClearingThumb iThumbDelayTime="2000"/>\r\n   \r\n   <!--AdjustSDK签名-->\r\n  <VAdjustSignatureAndroid iParam1="16" iParam2="150671010" iParam3="610900083" iParam4="495185154" iParam5="1683359387"/>\r\n  <VAdjustSignatureiOS iParam1="16" iParam2="215998835" iParam3="461278917" iParam4="6456624" iParam5="1775063056"/>\r\n   \r\n    <!--游戏内视频直播视频预览窗的初始默认位置-->\r\n  <VLivePreviewPos iLiverOutBattleX="435" iLiverOutBattleY="124" iLiverInBattleX="-396" iLiverInBattleY="42" iVisitorOutBattleX="400" iVisitorOutBattleY="-188" iVisitorInBattleX="-260" iVisitorInBattleY="231"/>\r\n  \r\n   <!--\r\n	fExtraShareSoldierExp  小兵的额外经验加成比例\r\n	fExtraShareSoldierGold  小兵的额外金币加成比例\r\n	fExtraShareWildExp  野怪的额外经验加成比例\r\n	fExtraShareWildGold  野怪的额外金币加成比例\r\n	iShowBattleShopGankPage 是否开启装备游走页签\r\n  -->\r\n  <AGankEquipPara fExtraShareSoldierExp="0" fExtraShareSoldierGold="0" fExtraShareWildExp="0" fExtraShareWildGold="0" iShowBattleShopGankPage="1" iAssistGoldOneExtar="0" iAssistExpOneExtar="0" iAssistGoldMoreExtar="30" iAssistExpMoreExtar="30" />\r\n<!--巅峰等级周经验上限--><VHighlevelWeekExpLimit iLimit="10500"/>\r\n  <AAdditionHpColorConfig>\r\n    <SRgbColor iIndex="1" iRed="95" iGreen="180" iBlue="57"/> <!-- 自己第二管血显示色 -->\r\n    <SRgbColor iIndex="2" iRed="19" iGreen="110" iBlue="6"/> <!-- 自己第三管血显示色 -->\r\n    <SRgbColor iIndex="3" iRed="70" iGreen="255" iBlue="0"/> <!-- 自己第二管血底色 -->\r\n    <SRgbColor iIndex="4" iRed="95" iGreen="180" iBlue="57"/> <!-- 自己第三管血底色 -->\r\n\r\n    <SRgbColor iIndex="5" iRed="0" iGreen="205" iBlue="214"/> <!-- 队友第二管血显示色 -->\r\n    <SRgbColor iIndex="6" iRed="0" iGreen="100" iBlue="182	"/> <!-- 队友第三管血显示色 -->\r\n    <SRgbColor iIndex="7" iRed="0" iGreen="149" iBlue="255"/> <!-- 队友第二管血底色 -->\r\n    <SRgbColor iIndex="8" iRed="0" iGreen="205" iBlue="214"/> <!-- 队友第三管血底色 -->\r\n\r\n    <SRgbColor iIndex="9" iRed="129" iGreen="0" iBlue="39"/> <!-- 敌方第二管血显示色 -->\r\n    <SRgbColor iIndex="10" iRed="246" iGreen="0" iBlue="124"/> <!-- 敌方第三管血显示色 -->\r\n    <SRgbColor iIndex="11" iRed="255" iGreen="0" iBlue="0"/> <!-- 敌方第二管血底色 -->\r\n    <SRgbColor iIndex="12" iRed="129" iGreen="0" iBlue="39"/> <!-- 敌方第三管血底色 -->\r\n    \r\n    <SRgbColor iIndex="13" iRed="214" iGreen="192" iBlue="145"/> <!-- 自己第二管血显示色，色盲模式 -->\r\n    <SRgbColor iIndex="14" iRed="129" iGreen="96" iBlue="26"/> <!-- 自己第三管血显示色，色盲模式 -->\r\n    <SRgbColor iIndex="15" iRed="255" iGreen="248" iBlue="0"/> <!-- 自己第二管血底色，色盲模式 -->\r\n    <SRgbColor iIndex="16" iRed="214" iGreen="192" iBlue="145"/> <!-- 自己第三管血底色，色盲模式 -->\r\n  </AAdditionHpColorConfig>\r\n   <!--配置技能详情页面开关-->\r\n   <VSkillInformation iOpenType="1"/>\r\n   <VCameraFov>\r\n      <SBP iValue="60"/> <!--bp选人-->\r\n	  <SPresent iValue="35"/> <!--赠礼-->\r\n	  <SNewLottery iValue="36"/> <!--好运抽奖-->\r\n	  <SLuckConstellation iValue="35"/> <!--星座抽奖-->\r\n	  <SStar iValue="36"/> <!--星光-->\r\n	  <SBuySkin iValue="34"/> <!--选人界面购买皮肤-->\r\n   </VCameraFov>\r\n   \r\n    <AHeroModelEffect>\r\n      <SPlayEffect iSkinid="1393" sActionEffect="werewolf_cityaction_yaoguan_skin02_add" sShowType="1;2;3;4;5"/> <!--sShowType 1BP界面2赠送界面3星光4选人界面购买皮肤5定向推送-->\r\n	  <SPlayEffect iSkinid="1144" sActionEffect="14_angel_wuqi_skin03_add" sShowType="1;2;3;4;5"/> \r\n	  <SPlayEffect iSkinid="1402" sActionEffect="fdn_hraed_Bip001Prop2_add;fdn_hraed_Bip001Prop1_add" sShowType="1;2;3;4;5"/> \r\n	  <SPlayEffect iSkinid="1313" sActionEffect="moskov_cityaction_qiangglow1_skin02_high_add" sShowType="1;2;3;4;5"/>\r\n	  <SPlayEffect iSkinid="1401" sActionEffect="fdn_hraed_Bip001Prop2_add;fdn_hraed_Bip001Prop1_add" sShowType="1;2;3;4;5"/> \r\n   </AHeroModelEffect>\r\n   \r\n   <AHeroNeedHideObj>\r\n		<SHeroObj iHeroId="69" sObjNames="Plane005;objPlane005"/>\r\n		<SHeroObj iHeroId="63" sObjNames="hair"/>\r\n		<SHeroObj iHeroId="12" sObjNames="Object001"/>\r\n		<SHeroObj iHeroId="40" sObjNames="Bip001"/>\r\n		<SHeroObj iHeroId="59" sObjNames="FX_Obj_a"/>\r\n   </AHeroNeedHideObj>\r\n   \r\n   <!--新神话赛季-->\r\n  <VNewMythRank iStartSeason="14" iGloryPoint="600"/>	\r\n   \r\n  <VGuideHeroRes sCountry="hk;ca"/>	\r\n	<VPreLoadSkillRange sPre1="" sPre2="43003;43000;43001;43002;43006" sPre3=""/>\r\n	   <!--配置编辑器下开启PBR功能0-关闭 1开启-->\r\n   <VOpenPbr iOpen="0"/>\r\n  <AEnergyBarColor>\r\n    <SEnergyBarColorItem iHeroId="84" iRed="255" iGreen="255" iBlue="255"/>\r\n	<SEnergyBarColorItem iHeroId="95" iRed="180" iGreen="90" iBlue="214"/>\r\n  </AEnergyBarColor>\r\n  \r\n  <!--任务打点（HeroTask.csv在battle_analysis）上报字段顺序-->\r\n  <AMissionReport sMissionID="72030;72040;72050;72060;72070;72200;72080;72090;72010;72020;72100;72110;72120;72130;72140;72150;72160;72170;72180;72190;72210;72220;72230;72240;72250;72260;72270;72280;72290;72300;72310;72320;72330;72340;72350;72360;72370;72380;72390;72400;72410;72420;72430;72440;72450;72460;72470;72480;72490;72500;72510;72520;72530;72540;72550;72560;72570;72580;72590;72600;72610;72620;72630;72640;72650;72660;72670;72680;72690;72700;72710;72720;72730;72740"/>\r\n  \r\n  <!-- ASpecialHeroSkillIcon:特殊英雄技能图标修正-->\r\n  <ASpecialHeroSkillIcon>\r\n    <SHeroSkillIcon iSkillId="8930" sCorrectSkillIcon="Atlas_SkillIconAdd18_add/S8931"/>\r\n  </ASpecialHeroSkillIcon>\r\n  	<!-- 战斗结算六维图 玩家评分-->\r\n    <VGameScore fGold="1" fSilver="1" fCopper="1" fMvp="1.2"/>\r\n  <AKeySkillCancelDis><!--新版取消施法逻辑, iType1 英雄技能,iType2 召唤师技能回城技能等,iType3 道具技能,-->\r\n    <SKeyCancelDis iType="1" fRatio="2.2"/><!--fRatio 为轮盘半径的倍数-->\r\n    <SKeyCancelDis iType="2" fRatio="2"/>\r\n    <SKeyCancelDis iType="3" fRatio="2"/>\r\n  </AKeySkillCancelDis>\r\n  <ALogicPunishConfigs>\r\n    <SLogicPunishConfig iIndex="0" \r\n		iIsIncludeWin="1" iJoinRate="25" iDestroyRate="20" iReportJoinRate="30" iReportDestroyRate="25"\r\n		iCommonDeadNum="8" iCommonDeadRate="40" iCommonContinueDeadNum="5" \r\n		iCommonReportDeadNum="7" iCommonReportDeadRate="35" iCommonReportContinueDeadNum="4" \r\n		iFighterDeadNum="9" iFighterDeadRate="40" iFighterContinueDeadNum="5" \r\n		iFighterReportDeadNum="8" iFighterReportDeadRate="35" iFighterReportContinueDeadNum="4"\r\n		iPracticeDeadNum="10" iPracticeDeadRate="40" iPracticeContinueDeadNum="5" \r\n		iPracticeReportDeadNum="9" iPracticeReportDeadRate="35" iPracticeReportContinueDeadNum="4"/>\r\n    <SLogicPunishConfig iIndex="1" \r\n		iIsIncludeWin="1" iJoinRate="23" iDestroyRate="18" iReportJoinRate="27" iReportDestroyRate="22"\r\n		iCommonDeadNum="8" iCommonDeadRate="40" iCommonContinueDeadNum="5" \r\n		iCommonReportDeadNum="7" iCommonReportDeadRate="35" iCommonReportContinueDeadNum="5" \r\n		iFighterDeadNum="9" iFighterDeadRate="40" iFighterContinueDeadNum="5" \r\n		iFighterReportDeadNum="8" iFighterReportDeadRate="35" iFighterReportContinueDeadNum="5"\r\n		iPracticeDeadNum="10" iPracticeDeadRate="40" iPracticeContinueDeadNum="5" \r\n		iPracticeReportDeadNum="9" iPracticeReportDeadRate="35" iPracticeReportContinueDeadNum="5"/>\r\n	<SLogicPunishConfig iIndex="2" \r\n		iIsIncludeWin="1" iJoinRate="22" iDestroyRate="17" iReportJoinRate="25" iReportDestroyRate="20"\r\n		iCommonDeadNum="8" iCommonDeadRate="40" iCommonContinueDeadNum="5" \r\n		iCommonReportDeadNum="7" iCommonReportDeadRate="37" iCommonReportContinueDeadNum="5" \r\n		iFighterDeadNum="9" iFighterDeadRate="40" iFighterContinueDeadNum="5" \r\n		iFighterReportDeadNum="8" iFighterReportDeadRate="37" iFighterReportContinueDeadNum="5"\r\n		iPracticeDeadNum="10" iPracticeDeadRate="40" iPracticeContinueDeadNum="5" \r\n		iPracticeReportDeadNum="9" iPracticeReportDeadRate="37" iPracticeReportContinueDeadNum="5"/>\r\n	<SLogicPunishConfig iIndex="3" \r\n		iIsIncludeWin="1" iJoinRate="25" iDestroyRate="20" iReportJoinRate="30" iReportDestroyRate="25"\r\n		iCommonDeadNum="8" iCommonDeadRate="40" iCommonContinueDeadNum="5" \r\n		iCommonReportDeadNum="7" iCommonReportDeadRate="35" iCommonReportContinueDeadNum="3" \r\n		iFighterDeadNum="9" iFighterDeadRate="40" iFighterContinueDeadNum="5" \r\n		iFighterReportDeadNum="8" iFighterReportDeadRate="35" iFighterReportContinueDeadNum="3"\r\n		iPracticeDeadNum="10" iPracticeDeadRate="40" iPracticeContinueDeadNum="5" \r\n		iPracticeReportDeadNum="9" iPracticeReportDeadRate="35" iPracticeReportContinueDeadNum="3"/>\r\n  </ALogicPunishConfigs>\r\n  \r\n  <!--自走棋商店: 开启商店模型所需的最小内存/开启对手自定义棋子皮肤所需的最小内存/开启自己自定义棋子皮肤所需的最小内存-->\r\n  <AMegicChessShop iOpenShopHeroModelMemory="1500" iOpenCustomHeroSkinMemory="3000" iOpenSelfCustomHeroSkinMemory="1500"/>\r\n  <!--自走棋血色羁绊配置，给其他羁绊加数量 iEnable 是否启用 iRelationID 羁绊id  iMinAffectNum 影响羁绊的最低数量要求 -->\r\n	<ABloodRelation iEnable="1" iRelationID="54" iMinAffectNum="4"/>\r\n	<!--自走棋血色羁绊2配置，作为场上数量最多的羁绊 iEnable 是否启用 iRelationID 羁绊id sExcludeRelations 这里面的羁绊在计算数量时会减1 -->\r\n	<ABloodRelation2 iEnable="0" iRelationID="54" sExcludeRelations="3,4"/>\r\n      <!-- 自走棋温暖关新手关默认循环显示引导图片-->\r\n    <AWarmGuideShow>\r\n        <SWarmGuideShow sGuideShowImage="Atlas_LoadingGuideDetail01_MC/bg_LoadingGuideDetail01" iGuideShowText="19321"/>\r\n        <SWarmGuideShow sGuideShowImage="Atlas_LoadingGuideDetail01_MC/bg_LoadingGuideDetail02" iGuideShowText="19322"/>\r\n        <SWarmGuideShow sGuideShowImage="Atlas_LoadingGuideDetail02_MC/bg_LoadingGuideDetail03" iGuideShowText="19323"/>\r\n    </AWarmGuideShow>\r\n\r\n     <!-- 温暖关新手关是否显示引导图片，显示新版带引导loading配置1，和正常关默认loading界面一致配置0-->\r\n    <AWarmGuideShowDoor iAWarmGuideShowDoorSet="1"/>\r\n    <AAnimatorConfig>\r\n  		<SAnimatorItem iId="90" sName="dead"/>\r\n		<SAnimatorItem iId="91" sName="verigo"/>\r\n		<SAnimatorItem iId="80" sName="run"/>\r\n		<SAnimatorItem iId="81" sName="run2"/>\r\n		<SAnimatorItem iId="70" sName="fight_idle"/>\r\n		<SAnimatorItem iId="71" sName="fight_idle2"/>\r\n		<SAnimatorItem iId="60" sName="attack"/>\r\n		<SAnimatorItem iId="61" sName="attack1"/>\r\n		<SAnimatorItem iId="62" sName="attack2"/>\r\n		<SAnimatorItem iId="63" sName="attack3"/>\r\n		<SAnimatorItem iId="64" sName="attack4"/>\r\n		<SAnimatorItem iId="65" sName="attack5"/>\r\n		<SAnimatorItem iId="10" sName="skill1"/>\r\n		<SAnimatorItem iId="11" sName="skill1_1"/>\r\n		<SAnimatorItem iId="12" sName="skill1_2"/>\r\n		<SAnimatorItem iId="13" sName="skill1_3"/>\r\n		<SAnimatorItem iId="14" sName="skill1_4"/>\r\n	    <SAnimatorItem iId="20" sName="skill2"/>\r\n		<SAnimatorItem iId="21" sName="skill2_1"/>\r\n		<SAnimatorItem iId="22" sName="skill2_2"/>\r\n		<SAnimatorItem iId="23" sName="skill2_3"/>\r\n		<SAnimatorItem iId="24" sName="skill2_4"/>\r\n		<SAnimatorItem iId="25" sName="skill2_5"/>\r\n        <SAnimatorItem iId="30" sName="skill3"/>\r\n		<SAnimatorItem iId="31" sName="skill3_1"/>\r\n		<SAnimatorItem iId="32" sName="skill3_2"/>\r\n		<SAnimatorItem iId="33" sName="skill3_3"/>\r\n		<SAnimatorItem iId="34" sName="skill3_4"/>\r\n        <SAnimatorItem iId="40" sName="skill4"/>\r\n		<SAnimatorItem iId="41" sName="skill4_1"/>\r\n		<SAnimatorItem iId="42" sName="skill4_2"/>\r\n		<SAnimatorItem iId="43" sName="skill4_3"/>\r\n		<SAnimatorItem iId="44" sName="skill4_4"/>\r\n  </AAnimatorConfig>\r\n  \r\n     <!--假点赞触发时间区间-->\r\n  <APraiseTimeDelay iPraiseTimeDelayMin="500" iPraiseTimeDelayMax="6000"/>\r\n  \r\n   <!--禁言提示/iNum次数-->\r\n  <APlayerBanChat iTipDelayTime="500">\r\n	  <SPlayerBanChat iNum="3" iSelfTip="19735" iOtherTip="0"/>\r\n	  <SPlayerBanChat iNum="5" iSelfTip="19735" iOtherTip="0"/>\r\n	  <SPlayerBanChat iNum="8" iSelfTip="19736" iOtherTip="19785"/>\r\n  </APlayerBanChat>\r\n  \r\n  <!--怒气特殊名词-->\r\n  <ARangeName iDefaultShowMessage="51814">\r\n  		<SRangeNameItem iheroId="69" iShowMessage="51809"/>\r\n		<SRangeNameItem iheroId="80" iShowMessage="51810"/>\r\n  </ARangeName>\r\n\r\n     <!--智能信号配置-->\r\n <AChatSignal iTipStartDealy="20000000" iTipStayTime="10000"/>\r\n  <!-- 自走棋8人详情界面: iMaxSkillAddIcon棋手受益最多显示几个图标 iMaxSkillInfoAddIcon棋手提示最多显示几个图标-->\r\n <AMagicChessPlayerDetail iMaxSkillAddIcon="4"  iMaxSkillInfoAddIcon="8"    />\r\n</root>"
"/>\r\n		<SAnimatorItem iId="81" sName="run2"/>\r\n		<SAnimatorItem iId="70" sName="fight_idle"/>\r\n		<SAnimatorItem iId="71" sName="fight_idle2"/>\r\n		<SAnimatorItem iId="60" sName="attack"/>\r\n		<SAnimatorItem iId="61" sName="attack1"/>\r\n		<SAnimatorItem iId="62" sName="attack2"/>\r\n		<SAnimatorItem iId="63" sName="attack3"/>\r\n		<SAnimatorItem iId="64" sName="attack4"/>\r\n		<SAnimatorItem iId="65" sName="attack5"/>\r\n		<SAnimatorItem iId="10" sName="skill1"/>\r\n		<SAnimatorItem iId="11" sName="skill1_1"/>\r\n		<SAnimatorItem iId="12" sName="skill1_2"/>\r\n		<SAnimatorItem iId="13" sName="skill1_3"/>\r\n		<SAnimatorItem iId="14" sName="skill1_4"/>\r\n	    <SAnimatorItem iId="20" sName="skill2"/>\r\n		<SAnimatorItem iId="21" sName="skill2_1"/>\r\n		<SAnimatorItem iId="22" sName="skill2_2"/>\r\n		<SAnimatorItem iId="23" sName="skill2_3"/>\r\n		<SAnimatorItem iId="24" sName="skill2_4"/>\r\n		<SAnimatorItem iId="25" sName="skill2_5"/>\r\n        <SAnimatorItem iId="30" sName="skill3"/>\r\n		<SAnimatorItem iId="31" sName="skill3_1"/>\r\n		<SAnimatorItem iId="32" sName="skill3_2"/>\r\n		<SAnimatorItem iId="33" sName="skill3_3"/>\r\n		<SAnimatorItem iId="34" sName="skill3_4"/>\r\n        <SAnimatorItem iId="40" sName="skill4"/>\r\n		<SAnimatorItem iId="41" sName="skill4_1"/>\r\n		<SAnimatorItem iId="42" sName="skill4_2"/>\r\n		<SAnimatorItem iId="43" sName="skill4_3"/>\r\n		<SAnimatorItem iId="44" sName="skill4_4"/>\r\n  </AAnimatorConfig>\r\n  \r\n     <!--假点赞触发时间区间-->\r\n  <APraiseTimeDelay iPraiseTimeDelayMin="500" iPraiseTimeDelayMax="6000"/>\r\n  \r\n   <!--禁言提示/iNum次数-->\r\n  <APlayerBanChat iTipDelayTime="500">\r\n	  <SPlayerBanChat iNum="3" iSelfTip="19735" iOtherTip="0"/>\r\n	  <SPlayerBanChat iNum="5" iSelfTip="19735" iOtherTip="0"/>\r\n	  <SPlayerBanChat iNum="8" iSelfTip="19736" iOtherTip="19785"/>\r\n  </APlayerBanChat>\r\n  \r\n  <!--怒气特殊名词-->\r\n  <ARangeName iDefaultShowMessage="51814">\r\n  		<SRangeNameItem iheroId="69" iShowMessage="51809"/>\r\n		<SRangeNameItem iheroId="80" iShowMessage="51810"/>\r\n  </ARangeName>\r\n\r\n     <!--智能信号配置-->\r\n <AChatSignal iTipStartDealy="20000000" iTipStayTime="10000"/>\r\n  <!-- 自走棋8人详情界面: iMaxSkillAddIcon棋手受益最多显示几个图标 iMaxSkillInfoAddIcon棋手提示最多显示几个图标-->\r\n <AMagicChessPlayerDetail iMaxSkillAddIcon="4"  iMaxSkillInfoAddIcon="8"    />\r\n</root>"
关于时间的都是毫秒, sSkillWhiteList 填白名单的skillid, 分号隔开-->\r\n    <SCheckData iType="1" iPara1="0" iPara2="300000" iPara3="2500"/><!--iType 默认为1 ,iPara1最小战场时间, iPara2最大战场时间, iPara3伤害最大值-->\r\n    <SCheckData iType="1" iPara1="300000" iPara2="600000" iPara3="4000"/>\r\n    <SCheckData iType="1" iPara1="600000" iPara2="0" iPara3="6000"/>\r\n  </AntiPluginData>\r\n  <AMapExtraSkill>\r\n    <SMapExtraData iType="5" iPara1="10" iPara2=""/><!--iType 1 圣诞节+圣诞节地图，iPara1是英雄Id, iPara2是技能Id-->\r\n    <SMapExtraData iType="5" iPara1="2002" iPara2=""/>    \r\n  </AMapExtraSkill>\r\n  <AHeroExtraScore>\r\n    <SHeroExtraData sHeroid="48;55" fExtraScore="0.05" fExtraMax="0.5"/>\r\n  </AHeroExtraScore>\r\n      <!--配置开启语音包-->\r\n	<VLanguageVoice sLanID="20;22"/>\r\n      <!--设置等级不执行按钮解锁功能 iHideBg 隐藏特效背景播放拖尾 iDeactive 播放按钮特效隐藏解锁界面 iMove拖尾时长-->\r\n  <VSytemUnlock iOpenUnlockLvl="4" fHideBg="1.6" fDeactive="2" fMove="0.4"/>\r\n  <!-- 翻新的战场技能小红点-->\r\n  <VBattleSkillRed sSkillRed="20050;20140;20160;20190"/>\r\n  <!-- 伤害暴击缩放系数 iID 格式必须 CritHp 暴击 200 伤害值 HP 非暴击 200 伤害值 伤害值需要降序排列\r\n  iType="1" 塔防模式飘字配置-->\r\n<AFlyHurtLocalScaleConfig>\r\n	<SHurtLocalScale sId="HP2000" fLocalScale="1"/>\r\n	<SHurtLocalScale sId="HP1000" fLocalScale="1"/>\r\n	<SHurtLocalScale sId="HP500" fLocalScale="0.95"/>\r\n	<SHurtLocalScale sId="HP200" fLocalScale="0.9"/>\r\n	<SHurtLocalScale sId="HP100" fLocalScale="0.8"/>\r\n	<SHurtLocalScale sId="HP50" fLocalScale="0.75"/>\r\n	<SHurtLocalScale sId="HP0" fLocalScale="0.7"/>\r\n	<SHurtLocalScale sId="CritHP2000" fLocalScale="1.4"/>\r\n	<SHurtLocalScale sId="CritHP1000" fLocalScale="1.3"/>\r\n	<SHurtLocalScale sId="CritHP500" fLocalScale="1.2"/>\r\n	<SHurtLocalScale sId="CritHP200" fLocalScale="1.15"/>\r\n	<SHurtLocalScale sId="CritHP0" fLocalScale="1.1"/>\r\n	<SHurtLocalScale sId="StealHP400" fLocalScale="1"/>\r\n	<SHurtLocalScale sId="StealHP200" fLocalScale="0.9"/>\r\n	<SHurtLocalScale sId="StealHP100" fLocalScale="0.8"/>\r\n	<SHurtLocalScale sId="StealHP50" fLocalScale="0.75"/>\r\n	<SHurtLocalScale sId="StealHP0" fLocalScale="0"/>\r\n	<SHurtLocalScale sId="HP2000" fLocalScale="0" iType="1"/>\r\n	<SHurtLocalScale sId="HP0" fLocalScale="0" iType="1"/>\r\n	<SHurtLocalScale sId="CritHP2000" fLocalScale="1.5" iType="1"/>\r\n	<SHurtLocalScale sId="CritHP0" fLocalScale="1" iType="1"/>\r\n	<SHurtLocalScale sId="StealHP400" fLocalScale="1" iType="1"/>\r\n	<SHurtLocalScale sId="StealHP0" fLocalScale="0" iType="1"/>\r\n</AFlyHurtLocalScaleConfig>\r\n	<!-- 野怪刷新时间配置 iOffsetTime 偏移时间(毫秒) 比如1分钟后多少秒刷 错开刷兵时间 iIntervalTime 间隔时间(毫秒) 1分钟后刷 20分钟后不再成长 iMoveSpeedGrowStartTime:士兵移速开始成长的时间 单位是分钟-->\r\n	<VMonsterUpgradeConfig iOffsetTime="20000" iIntervalTime="60000" iLimitTime="1800000" iMoveSpeedGrowStartTime ="8000" />\r\n  <!-- 语音聊天提示气泡频率  战场内提示几人开麦克的气泡（总次数，间隔天数），房间内提示开语音气泡（总次数，间隔天数）-->\r\n  <VoiceTimes iBattleTimes="200" iBattleDay="5" iRoomTimes="200" iRoomDay="5" />\r\n  <ASummonEffPreLoad>\r\n    <SSummonEff iId="20150" sEffect="zhanchang_newliesha;zhanchang_lieshaatked"/>\r\n	<SSummonEff iId="20020" sEffect="zhanchang_lieshanew01;zhanchang_lieshanew02;"/>\r\n	<SSummonEff iId="20030" sEffect="skill_kuangbao;"/>\r\n	<SSummonEff iId="20040" sEffect="renwu_jiasu;"/>\r\n	<SSummonEff iId="20050" sEffect="zhanchang_shengming;skill_huifu;"/>\r\n	<SSummonEff iId="20060" sEffect="zhanchang_jiandun;"/>\r\n	<SSummonEff iId="20070" sEffect="zhanchang_shihua;"/>\r\n	<SSummonEff iId="20080" sEffect="skill_jinghua_chixu;"/>\r\n	<SSummonEff iId="20140" sEffect="zhanchang_daodan_fire;zhanchang_daodan_zidan;zhanchang_daodan_hit;"/>\r\n	<SSummonEff iId="20100" sEffect="zhanchang_sy_01;zhanchang_sy;"/>\r\n	<SSummonEff iId="20160" sEffect="zhangchang_sy_01;zhanchang_jianglin02;zhanchang_jianglin;"/>		\r\n	<SSummonEff iId="20190" sEffect="zhanchang_fanji;zhanchang_fanji_hit_add;zhanchang_fanji_zidan;zhanchang_fanji_hit02_add;"/>\r\n	<SSummonEff iId="20010" sEffect="skill_huifu;"/>	\r\n  </ASummonEffPreLoad>\r\n  <AAchieveTypeAtlasIcon>\r\n	<SAchieveTypeAtlas iAchieveType="0" sAtlasName="Atlas_LegendaryPath01_add"/>\r\n	<SAchieveTypeAtlas iAchieveType="1" sAtlasName="Atlas_AchievementIcon01_add;Atlas_AchievementIcon02_add"/>\r\n	<SAchieveTypeAtlas iAchieveType="2" sAtlasName="Atlas_AchievementIcon03_add;Atlas_AchievementIcon04_add"/>\r\n	<SAchieveTypeAtlas iAchieveType="3" sAtlasName="Atlas_AchievementIcon05_add;Atlas_AchievementIcon08_add"/>\r\n	<SAchieveTypeAtlas iAchieveType="4" sAtlasName="Atlas_AchievementIcon06_add"/>\r\n	<SAchieveTypeAtlas iAchieveType="5" sAtlasName="Atlas_AchievementIcon07_add"/>\r\n  </AAchieveTypeAtlasIcon>  \r\n    <!--不同成就类型分别使用的图集-->\r\n	\r\n	<!--相册相关配置 iCharacterLimit 评论界面字数限制 iCommentShowLimit 显示评论的条目限制-->\r\n  <VAlbumSocial iCharacterLimit="40" iCommentShowLimit="10"/>	\r\n\r\n    <!--匹配成功界面配置 iEffectDelayTime 特效播放延后时间-->\r\n  <VMatchingEffect iEffectDelayTime="0"/>\r\n  \r\n       <VGameLobbyMatchEffect><!--新版主城特效-->\r\n		<SMatchEffect sName="" iQuality="0" sPos="" sRenderQ="" iRenderQLvl="1"/> <!--切换沙盘特效 名字，高中低配（3只有高，2高中，1高中低，0全部包含极简），节点，参照节点，参照节点的上层/下层（1上层，2下层）-->\r\n		<SStasrtMatchEffect sName="ui_moshi3" iQuality="3" sPos="m_Sprite_QuickPlay01" sRenderQ="m_Sprite_QuickPlay01" iRenderQLvl="1"/> <!--开始游戏按钮特效 名字，高中低配（3只有高，2高中，1高中低，0全部包含极简），节点，参照节点，参照节点的上层/下层（1上层，2下层）-->\r\n		<SHotPicEffect sName="" iQuality="1" sPos="" sRenderQ="" iRenderQLvl="2" /> <!--热点图标特效 名字，高中低配（3只有高，2高中，1高中低，0全部包含极简），节点，参照节点，参照节点的上层/下层（1上层，2下层）-->\r\n		<SMedalTreasureF sName="ui_baoxiang_zhibo1" iQuality="1" sPos="m_Sprite_MedalTreasure" sRenderQ="m_Sprite_MedalTreasure" iRenderQLvl="1" /> <!--奖牌宝箱前层特效 名字，高中低配（3只有高，2高中，1高中低，0全部包含极简），节点，参照节点，参照节点的上层/下层（1上层，2下层）-->\r\n		<SMedalTreasureB sName="ui_baoxiang_perf1" iQuality="2" sPos="m_Sprite_MedalTreasureBG" sRenderQ="m_Sprite_MedalTreasureBG" iRenderQLvl="1" /> <!--奖牌宝箱后层特效 名字，高中低配（3只有高，2高中，1高中低，0全部包含极简），节点，参照节点，参照节点的上层/下层（1上层，2下层）-->\r\n		<STimeTreasureF sName="ui_baoxiang_zhibo2" iQuality="1" sPos="m_Sprite_TimeTreasure" sRenderQ="m_Sprite_TimeTreasure" iRenderQLvl="1" /> <!--时间宝箱前层特效，高中低配（3只有高，2高中，1高中低，0全部包含极简），节点，参照节点，参照节点的上层/下层（1上层，2下层）-->\r\n		<STimeTreasureB sName="ui_baoxiang_perf2" iQuality="2" sPos="m_SpriteTimeTreasureBG" sRenderQ="m_SpriteTimeTreasureBG" iRenderQLvl="1" /> <!--时间宝箱后层特效，高中低配（3只有高，2高中，1高中低，0全部包含极简），节点，参照节点，参照节点的上层/下层（1上层，2下层）-->\r\n		<SDailyTaskF sName="DailyTask_richang" iQuality="1" sPos="m_Sprite_DailyTask" sRenderQ="m_Sprite_DailyTask" iRenderQLvl="1" /> <!--日常任务前层特效，高中低配（3只有高，2高中，1高中低，0全部包含极简），节点，参照节点，参照节点的上层/下层（1上层，2下层）-->\r\n		<SDailyTaskB sName="ui_baoxiang_perf1" iQuality="2" sPos="m_sprite_DailyTaskBG" sRenderQ="m_sprite_DailyTaskBG" iRenderQLvl="1" /> <!--日常任务后层特效，高中低配（3只有高，2高中，1高中低，0全部包含极简），节点，参照节点，参照节点的上层/下层（1上层，2下层）-->\r\n		<SMainBgF sName="ui_MainInterfacePerfor_front1" iQuality="3" sPos="m_BgEff_Front" sRenderQ="m_Sprite_ModeBG" iRenderQLvl="1" /> <!--主界面通用背景前层特效，高中低配（3只有高，2高中，1高中低，0全部包含极简），节点，参照节点，参照节点的上层/下层（1上层，2下层）-->\r\n		<SMainBgB sName="ui_MainInterfacePerfor_behind1" iQuality="3" sPos="m_BgEff_Back" sRenderQ="m_Sprite_ModeBG" iRenderQLvl="2" /> <!--主界面通用背景后层特效 ，高中低配（3只有高，2高中，1高中低，0全部包含极简），节点，参照节点，参照节点的上层/下层（1上层，2下层）-->\r\n		<SActivityF sName="ui_huodong_MainBGeff1" iQuality="3" sPos="m_CommonFrame" sRenderQ="m_uiActivityFrame_bg" iRenderQLvl="1" /> <!--活动界面通用背景前层特效 ，高中低配（3只有高，2高中，1高中低，0全部包含极简），节点，参照节点，参照节点的上层/下层（1上层，2下层）-->\r\n		<SActivityB sName="" iQuality="3" sPos="m_bg" sRenderQ="m_Sprite" iRenderQLvl="2" /> <!--活动界面通用背景后层特效 ，高中低配（3只有高，2高中，1高中低，0全部包含极简），节点，参照节点，参照节点的上层/下层（1上层，2下层）-->\r\n		<SBackRoomEffect sName="ui_BacktoRoom" iQuality="3" sPos="m_Sprite_BackToRoomEff" sRenderQ="m_Sprite_BackToRoomEff" iRenderQLvl="1"/> <!--主界面返回房间按钮特效 名字，高中低配（3只有高，2高中，1高中低，0全部包含极简），节点，参照节点，参照节点的上层/下层（1上层，2下层）-->\r\n\r\n   </VGameLobbyMatchEffect>\r\n\r\n    <!--主播进战场资源配置 iResourceName 资源名称-->\r\n  <VLiveBattleResource iResourceName="Atlas_AudienceLevel_add"/>  \r\n\r\n	<!--奖牌宝箱规则界面 iItemOrder 道具序号 iBoxItemID 道具ID sItemNum 道具显示的数量-->\r\n  <AMedalBoxRule>\r\n	<SMedalBoxRuleItem iItemOrder="0" iBoxItemID="15258" sItemNum="1"/>\r\n	<SMedalBoxRuleItem iItemOrder="1" iBoxItemID="15218" sItemNum="1"/>\r\n	<SMedalBoxRuleItem iItemOrder="2" iBoxItemID="601" sItemNum="1"/>\r\n	<SMedalBoxRuleItem iItemOrder="3" iBoxItemID="300" sItemNum="200-250"/>\r\n	<SMedalBoxRuleItem iItemOrder="4" iBoxItemID="401" sItemNum="185"/>\r\n	<SMedalBoxRuleItem iItemOrder="5" iBoxItemID="23006" sItemNum="1"/>\r\n  </AMedalBoxRule>\r\n \r\n   <!--时间宝箱规则界面 iItemOrder 道具序号 iBoxItemID 道具ID sItemNum 道具显示的数量-->\r\n  <ATimeBoxRule>\r\n	<STimeBoxRuleItem iItemOrder="0" iBoxItemID="15258" sItemNum="1"/>\r\n	<STimeBoxRuleItem iItemOrder="1" iBoxItemID="300" sItemNum="40-50"/>\r\n	<STimeBoxRuleItem iItemOrder="2" iBoxItemID="401" sItemNum="30"/>\r\n	<STimeBoxRuleItem iItemOrder="3" iBoxItemID="601" sItemNum="1"/>\r\n	<STimeBoxRuleItem iItemOrder="4" iBoxItemID="302" sItemNum="5-7"/>\r\n  </ATimeBoxRule>\r\n  \r\n   <!--战队活跃奖励显示（UI_TeamGuide）-->\r\n  <ATeamGuideAward>\r\n	<STeamGuideAwardItem iItemOrder="0" iItemID="40003" sItemNum="1"/>\r\n	<STeamGuideAwardItem iItemOrder="1" iItemID="15244" sItemNum="1"/>\r\n	<STeamGuideAwardItem iItemOrder="2" iItemID="300" sItemNum="500"/>\r\n	<STeamGuideAwardItem iItemOrder="3" iItemID="15231" sItemNum="8"/>\r\n  </ATeamGuideAward>\r\n  \r\n  \r\n   <!--结算时点赞功能延后出现时长-->\r\n  <VClearingThumb iThumbDelayTime="2000"/>\r\n   \r\n   <!--AdjustSDK签名-->\r\n  <VAdjustSignatureAndroid iParam1="16" iParam2="150671010" iParam3="610900083" iParam4="495185154" iParam5="1683359387"/>\r\n  <VAdjustSignatureiOS iParam1="16" iParam2="215998835" iParam3="461278917" iParam4="6456624" iParam5="1775063056"/>\r\n   \r\n    <!--游戏内视频直播视频预览窗的初始默认位置-->\r\n  <VLivePreviewPos iLiverOutBattleX="435" iLiverOutBattleY="124" iLiverInBattleX="-396" iLiverInBattleY="42" iVisitorOutBattleX="400" iVisitorOutBattleY="-188" iVisitorInBattleX="-260" iVisitorInBattleY="231"/>\r\n  \r\n   <!--\r\n	fExtraShareSoldierExp  小兵的额外经验加成比例\r\n	fExtraShareSoldierGold  小兵的额外金币加成比例\r\n	fExtraShareWildExp  野怪的额外经验加成比例\r\n	fExtraShareWildGold  野怪的额外金币加成比例\r\n	iShowBattleShopGankPage 是否开启装备游走页签\r\n  -->\r\n  <AGankEquipPara fExtraShareSoldierExp="0" fExtraShareSoldierGold="0" fExtraShareWildExp="0" fExtraShareWildGold="0" iShowBattleShopGankPage="1" iAssistGoldOneExtar="0" iAssistExpOneExtar="0" iAssistGoldMoreExtar="30" iAssistExpMoreExtar="30" />\r\n<!--巅峰等级周经验上限--><VHighlevelWeekExpLimit iLimit="10500"/>\r\n  <AAdditionHpColorConfig>\r\n    <SRgbColor iIndex="1" iRed="95" iGreen="180" iBlue="57"/> <!-- 自己第二管血显示色 -->\r\n    <SRgbColor iIndex="2" iRed="19" iGreen="110" iBlue="6"/> <!-- 自己第三管血显示色 -->\r\n    <SRgbColor iIndex="3" iRed="70" iGreen="255" iBlue="0"/> <!-- 自己第二管血底色 -->\r\n    <SRgbColor iIndex="4" iRed="95" iGreen="180" iBlue="57"/> <!-- 自己第三管血底色 -->\r\n\r\n    <SRgbColor iIndex="5" iRed="0" iGreen="205" iBlue="214"/> <!-- 队友第二管血显示色 -->\r\n    <SRgbColor iIndex="6" iRed="0" iGreen="100" iBlue="182	"/> <!-- 队友第三管血显示色 -->\r\n    <SRgbColor iIndex="7" iRed="0" iGreen="149" iBlue="255"/> <!-- 队友第二管血底色 -->\r\n    <SRgbColor iIndex="8" iRed="0" iGreen="205" iBlue="214"/> <!-- 队友第三管血底色 -->\r\n\r\n    <SRgbColor iIndex="9" iRed="129" iGreen="0" iBlue="39"/> <!-- 敌方第二管血显示色 -->\r\n    <SRgbColor iIndex="10" iRed="246" iGreen="0" iBlue="124"/> <!-- 敌方第三管血显示色 -->\r\n    <SRgbColor iIndex="11" iRed="255" iGreen="0" iBlue="0"/> <!-- 敌方第二管血底色 -->\r\n    <SRgbColor iIndex="12" iRed="129" iGreen="0" iBlue="39"/> <!-- 敌方第三管血底色 -->\r\n    \r\n    <SRgbColor iIndex="13" iRed="214" iGreen="192" iBlue="145"/> <!-- 自己第二管血显示色，色盲模式 -->\r\n    <SRgbColor iIndex="14" iRed="129" iGreen="96" iBlue="26"/> <!-- 自己第三管血显示色，色盲模式 -->\r\n    <SRgbColor iIndex="15" iRed="255" iGreen="248" iBlue="0"/> <!-- 自己第二管血底色，色盲模式 -->\r\n    <SRgbColor iIndex="16" iRed="214" iGreen="192" iBlue="145"/> <!-- 自己第三管血底色，色盲模式 -->\r\n  </AAdditionHpColorConfig>\r\n   <!--配置技能详情页面开关-->\r\n   <VSkillInformation iOpenType="1"/>\r\n   <VCameraFov>\r\n      <SBP iValue="60"/> <!--bp选人-->\r\n	  <SPresent iValue="35"/> <!--赠礼-->\r\n	  <SNewLottery iValue="36"/> <!--好运抽奖-->\r\n	  <SLuckConstellation iValue="35"/> <!--星座抽奖-->\r\n	  <SStar iValue="36"/> <!--星光-->\r\n	  <SBuySkin iValue="34"/> <!--选人界面购买皮肤-->\r\n   </VCameraFov>\r\n   \r\n    <AHeroModelEffect>\r\n      <SPlayEffect iSkinid="1393" sActionEffect="werewolf_cityaction_yaoguan_skin02_add" sShowType="1;2;3;4;5"/> <!--sShowType 1BP界面2赠送界面3星光4选人界面购买皮肤5定向推送-->\r\n	  <SPlayEffect iSkinid="1144" sActionEffect="14_angel_wuqi_skin03_add" sShowType="1;2;3;4;5"/> \r\n	  <SPlayEffect iSkinid="1402" sActionEffect="fdn_hraed_Bip001Prop2_add;fdn_hraed_Bip001Prop1_add" sShowType="1;2;3;4;5"/> \r\n	  <SPlayEffect iSkinid="1313" sActionEffect="moskov_cityaction_qiangglow1_skin02_high_add" sShowType="1;2;3;4;5"/>\r\n	  <SPlayEffect iSkinid="1401" sActionEffect="fdn_hraed_Bip001Prop2_add;fdn_hraed_Bip001Prop1_add" sShowType="1;2;3;4;5"/> \r\n   </AHeroModelEffect>\r\n   \r\n   <AHeroNeedHideObj>\r\n		<SHeroObj iHeroId="69" sObjNames="Plane005;objPlane005"/>\r\n		<SHeroObj iHeroId="63" sObjNames="hair"/>\r\n		<SHeroObj iHeroId="12" sObjNames="Object001"/>\r\n		<SHeroObj iHeroId="40" sObjNames="Bip001"/>\r\n		<SHeroObj iHeroId="59" sObjNames="FX_Obj_a"/>\r\n   </AHeroNeedHideObj>\r\n   \r\n   <!--新神话赛季-->\r\n  <VNewMythRank iStartSeason="14" iGloryPoint="600"/>	\r\n   \r\n  <VGuideHeroRes sCountry="hk;ca"/>	\r\n	<VPreLoadSkillRange sPre1="" sPre2="43003;43000;43001;43002;43006" sPre3=""/>\r\n	   <!--配置编辑器下开启PBR功能0-关闭 1开启-->\r\n   <VOpenPbr iOpen="0"/>\r\n  <AEnergyBarColor>\r\n    <SEnergyBarColorItem iHeroId="84" iRed="255" iGreen="255" iBlue="255"/>\r\n	<SEnergyBarColorItem iHeroId="95" iRed="180" iGreen="90" iBlue="214"/>\r\n  </AEnergyBarColor>\r\n  \r\n  <!--任务打点（HeroTask.csv在battle_analysis）上报字段顺序-->\r\n  <AMissionReport sMissionID="72030;72040;72050;72060;72070;72200;72080;72090;72010;72020;72100;72110;72120;72130;72140;72150;72160;72170;72180;72190;72210;72220;72230;72240;72250;72260;72270;72280;72290;72300;72310;72320;72330;72340;72350;72360;72370;72380;72390;72400;72410;72420;72430;72440;72450;72460;72470;72480;72490;72500;72510;72520;72530;72540;72550;72560;72570;72580;72590;72600;72610;72620;72630;72640;72650;72660;72670;72680;72690;72700;72710;72720;72730;72740"/>\r\n  \r\n  <!-- ASpecialHeroSkillIcon:特殊英雄技能图标修正-->\r\n  <ASpecialHeroSkillIcon>\r\n    <SHeroSkillIcon iSkillId="8930" sCorrectSkillIcon="Atlas_SkillIconAdd18_add/S8931"/>\r\n  </ASpecialHeroSkillIcon>\r\n  	<!-- 战斗结算六维图 玩家评分-->\r\n    <VGameScore fGold="1" fSilver="1" fCopper="1" fMvp="1.2"/>\r\n  <AKeySkillCancelDis><!--新版取消施法逻辑, iType1 英雄技能,iType2 召唤师技能回城技能等,iType3 道具技能,-->\r\n    <SKeyCancelDis iType="1" fRatio="2.2"/><!--fRatio 为轮盘半径的倍数-->\r\n    <SKeyCancelDis iType="2" fRatio="2"/>\r\n    <SKeyCancelDis iType="3" fRatio="2"/>\r\n  </AKeySkillCancelDis>\r\n  <ALogicPunishConfigs>\r\n    <SLogicPunishConfig iIndex="0" \r\n		iIsIncludeWin="1" iJoinRate="25" iDestroyRate="20" iReportJoinRate="30" iReportDestroyRate="25"\r\n		iCommonDeadNum="8" iCommonDeadRate="40" iCommonContinueDeadNum="5" \r\n		iCommonReportDeadNum="7" iCommonReportDeadRate="35" iCommonReportContinueDeadNum="4" \r\n		iFighterDeadNum="9" iFighterDeadRate="40" iFighterContinueDeadNum="5" \r\n		iFighterReportDeadNum="8" iFighterReportDeadRate="35" iFighterReportContinueDeadNum="4"\r\n		iPracticeDeadNum="10" iPracticeDeadRate="40" iPracticeContinueDeadNum="5" \r\n		iPracticeReportDeadNum="9" iPracticeReportDeadRate="35" iPracticeReportContinueDeadNum="4"/>\r\n    <SLogicPunishConfig iIndex="1" \r\n		iIsIncludeWin="1" iJoinRate="23" iDestroyRate="18" iReportJoinRate="27" iReportDestroyRate="22"\r\n		iCommonDeadNum="8" iCommonDeadRate="40" iCommonContinueDeadNum="5" \r\n		iCommonReportDeadNum="7" iCommonReportDeadRate="35" iCommonReportContinueDeadNum="5" \r\n		iFighterDeadNum="9" iFighterDeadRate="40" iFighterContinueDeadNum="5" \r\n		iFighterReportDeadNum="8" iFighterReportDeadRate="35" iFighterReportContinueDeadNum="5"\r\n		iPracticeDeadNum="10" iPracticeDeadRate="40" iPracticeContinueDeadNum="5" \r\n		iPracticeReportDeadNum="9" iPracticeReportDeadRate="35" iPracticeReportContinueDeadNum="5"/>\r\n	<SLogicPunishConfig iIndex="2" \r\n		iIsIncludeWin="1" iJoinRate="22" iDestroyRate="17" iReportJoinRate="25" iReportDestroyRate="20"\r\n		iCommonDeadNum="8" iCommonDeadRate="40" iCommonContinueDeadNum="5" \r\n		iCommonReportDeadNum="7" iCommonReportDeadRate="37" iCommonReportContinueDeadNum="5" \r\n		iFighterDeadNum="9" iFighterDeadRate="40" iFighterContinueDeadNum="5" \r\n		iFighterReportDeadNum="8" iFighterReportDeadRate="37" iFighterReportContinueDeadNum="5"\r\n		iPracticeDeadNum="10" iPracticeDeadRate="40" iPracticeContinueDeadNum="5" \r\n		iPracticeReportDeadNum="9" iPracticeReportDeadRate="37" iPracticeReportContinueDeadNum="5"/>\r\n	<SLogicPunishConfig iIndex="3" \r\n		iIsIncludeWin="1" iJoinRate="25" iDestroyRate="20" iReportJoinRate="30" iReportDestroyRate="25"\r\n		iCommonDeadNum="8" iCommonDeadRate="40" iCommonContinueDeadNum="5" \r\n		iCommonReportDeadNum="7" iCommonReportDeadRate="35" iCommonReportContinueDeadNum="3" \r\n		iFighterDeadNum="9" iFighterDeadRate="40" iFighterContinueDeadNum="5" \r\n		iFighterReportDeadNum="8" iFighterReportDeadRate="35" iFighterReportContinueDeadNum="3"\r\n		iPracticeDeadNum="10" iPracticeDeadRate="40" iPracticeContinueDeadNum="5" \r\n		iPracticeReportDeadNum="9" iPracticeReportDeadRate="35" iPracticeReportContinueDeadNum="3"/>\r\n  </ALogicPunishConfigs>\r\n  \r\n  <!--自走棋商店: 开启商店模型所需的最小内存/开启对手自定义棋子皮肤所需的最小内存/开启自己自定义棋子皮肤所需的最小内存-->\r\n  <AMegicChessShop iOpenShopHeroModelMemory="1500" iOpenCustomHeroSkinMemory="3000" iOpenSelfCustomHeroSkinMemory="1500"/>\r\n  <!--自走棋血色羁绊配置，给其他羁绊加数量 iEnable 是否启用 iRelationID 羁绊id  iMinAffectNum 影响羁绊的最低数量要求 -->\r\n	<ABloodRelation iEnable="1" iRelationID="54" iMinAffectNum="4"/>\r\n	<!--自走棋血色羁绊2配置，作为场上数量最多的羁绊 iEnable 是否启用 iRelationID 羁绊id sExcludeRelations 这里面的羁绊在计算数量时会减1 -->\r\n	<ABloodRelation2 iEnable="0" iRelationID="54" sExcludeRelations="3,4"/>\r\n      <!-- 自走棋温暖关新手关默认循环显示引导图片-->\r\n    <AWarmGuideShow>\r\n        <SWarmGuideShow sGuideShowImage="Atlas_LoadingGuideDetail01_MC/bg_LoadingGuideDetail01" iGuideShowText="19321"/>\r\n        <SWarmGuideShow sGuideShowImage="Atlas_LoadingGuideDetail01_MC/bg_LoadingGuideDetail02" iGuideShowText="19322"/>\r\n        <SWarmGuideShow sGuideShowImage="Atlas_LoadingGuideDetail02_MC/bg_LoadingGuideDetail03" iGuideShowText="19323"/>\r\n    </AWarmGuideShow>\r\n\r\n     <!-- 温暖关新手关是否显示引导图片，显示新版带引导loading配置1，和正常关默认loading界面一致配置0-->\r\n    <AWarmGuideShowDoor iAWarmGuideShowDoorSet="1"/>\r\n    <AAnimatorConfig>\r\n  		<SAnimatorItem iId="90" sName="dead"/>\r\n		<SAnimatorItem iId="91" sName="verigo"/>\r\n		<SAnimatorItem iId="80" sName="run"/>\r\n		<SAnimatorItem iId="81" sName="run2"/>\r\n		<SAnimatorItem iId="70" sName="fight_idle"/>\r\n		<SAnimatorItem iId="71" sName="fight_idle2"/>\r\n		<SAnimatorItem iId="60" sName="attack"/>\r\n		<SAnimatorItem iId="61" sName="attack1"/>\r\n		<SAnimatorItem iId="62" sName="attack2"/>\r\n		<SAnimatorItem iId="63" sName="attack3"/>\r\n		<SAnimatorItem iId="64" sName="attack4"/>\r\n		<SAnimatorItem iId="65" sName="attack5"/>\r\n		<SAnimatorItem iId="10" sName="skill1"/>\r\n		<SAnimatorItem iId="11" sName="skill1_1"/>\r\n		<SAnimatorItem iId="12" sName="skill1_2"/>\r\n		<SAnimatorItem iId="13" sName="skill1_3"/>\r\n		<SAnimatorItem iId="14" sName="skill1_4"/>\r\n	    <SAnimatorItem iId="20" sName="skill2"/>\r\n		<SAnimatorItem iId="21" sName="skill2_1"/>\r\n		<SAnimatorItem iId="22" sName="skill2_2"/>\r\n		<SAnimatorItem iId="23" sName="skill2_3"/>\r\n		<SAnimatorItem iId="24" sName="skill2_4"/>\r\n		<SAnimatorItem iId="25" sName="skill2_5"/>\r\n        <SAnimatorItem iId="30" sName="skill3"/>\r\n		<SAnimatorItem iId="31" sName="skill3_1"/>\r\n		<SAnimatorItem iId="32" sName="skill3_2"/>\r\n		<SAnimatorItem iId="33" sName="skill3_3"/>\r\n		<SAnimatorItem iId="34" sName="skill3_4"/>\r\n        <SAnimatorItem iId="40" sName="skill4"/>\r\n		<SAnimatorItem iId="41" sName="skill4_1"/>\r\n		<SAnimatorItem iId="42" sName="skill4_2"/>\r\n		<SAnimatorItem iId="43" sName="skill4_3"/>\r\n		<SAnimatorItem iId="44" sName="skill4_4"/>\r\n  </AAnimatorConfig>\r\n  \r\n     <!--假点赞触发时间区间-->\r\n  <APraiseTimeDelay iPraiseTimeDelayMin="500" iPraiseTimeDelayMax="6000"/>\r\n  \r\n   <!--禁言提示/iNum次数-->\r\n  <APlayerBanChat iTipDelayTime="500">\r\n	  <SPlayerBanChat iNum="3" iSelfTip="19735" iOtherTip="0"/>\r\n	  <SPlayerBanChat iNum="5" iSelfTip="19735" iOtherTip="0"/>\r\n	  <SPlayerBanChat iNum="8" iSelfTip="19736" iOtherTip="19785"/>\r\n  </APlayerBanChat>\r\n  \r\n  <!--怒气特殊名词-->\r\n  <ARangeName iDefaultShowMessage="51814">\r\n  		<SRangeNameItem iheroId="69" iShowMessage="51809"/>\r\n		<SRangeNameItem iheroId="80" iShowMessage="51810"/>\r\n  </ARangeName>\r\n\r\n     <!--智能信号配置-->\r\n <AChatSignal iTipStartDealy="20000000" iTipStayTime="10000"/>\r\n  <!-- 自走棋8人详情界面: iMaxSkillAddIcon棋手受益最多显示几个图标 iMaxSkillInfoAddIcon棋手提示最多显示几个图标-->\r\n <AMagicChessPlayerDetail iMaxSkillAddIcon="4"  iMaxSkillInfoAddIcon="8"    />\r\n</root>"
"/>\r\n		<SAnimatorItem iId="81" sName="run2"/>\r\n		<SAnimatorItem iId="70" sName="fight_idle"/>\r\n		<SAnimatorItem iId="71" sName="fight_idle2"/>\r\n		<SAnimatorItem iId="60" sName="attack"/>\r\n		<SAnimatorItem iId="61" sName="attack1"/>\r\n		<SAnimatorItem iId="62" sName="attack2"/>\r\n		<SAnimatorItem iId="63" sName="attack3"/>\r\n		<SAnimatorItem iId="64" sName="attack4"/>\r\n		<SAnimatorItem iId="65" sName="attack5"/>\r\n		<SAnimatorItem iId="10" sName="skill1"/>\r\n		<SAnimatorItem iId="11" sName="skill1_1"/>\r\n		<SAnimatorItem iId="12" sName="skill1_2"/>\r\n		<SAnimatorItem iId="13" sName="skill1_3"/>\r\n		<SAnimatorItem iId="14" sName="skill1_4"/>\r\n	    <SAnimatorItem iId="20" sName="skill2"/>\r\n		<SAnimatorItem iId="21" sName="skill2_1"/>\r\n		<SAnimatorItem iId="22" sName="skill2_2"/>\r\n		<SAnimatorItem iId="23" sName="skill2_3"/>\r\n		<SAnimatorItem iId="24" sName="skill2_4"/>\r\n		<SAnimatorItem iId="25" sName="skill2_5"/>\r\n        <SAnimatorItem iId="30" sName="skill3"/>\r\n		<SAnimatorItem iId="31" sName="skill3_1"/>\r\n		<SAnimatorItem iId="32" sName="skill3_2"/>\r\n		<SAnimatorItem iId="33" sName="skill3_3"/>\r\n		<SAnimatorItem iId="34" sName="skill3_4"/>\r\n        <SAnimatorItem iId="40" sName="skill4"/>\r\n		<SAnimatorItem iId="41" sName="skill4_1"/>\r\n		<SAnimatorItem iId="42" sName="skill4_2"/>\r\n		<SAnimatorItem iId="43" sName="skill4_3"/>\r\n		<SAnimatorItem iId="44" sName="skill4_4"/>\r\n  </AAnimatorConfig>\r\n  \r\n     <!--假点赞触发时间区间-->\r\n  <APraiseTimeDelay iPraiseTimeDelayMin="500" iPraiseTimeDelayMax="6000"/>\r\n  \r\n   <!--禁言提示/iNum次数-->\r\n  <APlayerBanChat iTipDelayTime="500">\r\n	  <SPlayerBanChat iNum="3" iSelfTip="19735" iOtherTip="0"/>\r\n	  <SPlayerBanChat iNum="5" iSelfTip="19735" iOtherTip="0"/>\r\n	  <SPlayerBanChat iNum="8" iSelfTip="19736" iOtherTip="19785"/>\r\n  </APlayerBanChat>\r\n  \r\n  <!--怒气特殊名词-->\r\n  <ARangeName iDefaultShowMessage="51814">\r\n  		<SRangeNameItem iheroId="69" iShowMessage="51809"/>\r\n		<SRangeNameItem iheroId="80" iShowMessage="51810"/>\r\n  </ARangeName>\r\n\r\n     <!--智能信号配置-->\r\n <AChatSignal iTipStartDealy="20000000" iTipStayTime="10000"/>\r\n  <!-- 自走棋8人详情界面: iMaxSkillAddIcon棋手受益最多显示几个图标 iMaxSkillInfoAddIcon棋手提示最多显示几个图标-->\r\n <AMagicChessPlayerDetail iMaxSkillAddIcon="4"  iMaxSkillInfoAddIcon="8"    />\r\n</root>"
